id,bank_id,region_id,mortgage_type,real_estate_type,object_type,benefit_program,employment_type,min_age,max_age,min_finally_age,max_finally_age,feature_description,is_active,created_at,updated_at,shadow_id
775,7,"{1,2,4588,4593,4560,4598,4554,4575,4579,4582,4591,4592,4618,4622,4624,4628,4633,4555,4584,4585,4615,4557,4558,4561,4562,4564,4565,4566,4567,4570,4572,4574,4576,4580,4581,4583,4586,4587,4589,4594,4596,4597,4599,4600,4601,4602,4603,4605,4606,4607,4608,4609,4612,4614,4617,4619,4620,4621,4623,4625,4630,4636,4595,4629,4635}","{mortgage,refinancing}","{newBuilding,secondary,refinancing}","{flat,apartments,house,carPlace}",{noProgram},,0,100,0,100,Комиссию за снижение ставки можно включить в сумму кредита,TRUE,2024-01-30 19:06:13.616000,2024-01-30 19:06:13.616000,1395
776,7,"{1,2,4588,4593,4560,4598,4554,4575,4579,4582,4591,4592,4618,4622,4624,4628,4633,4555,4584,4585,4615,4557,4558,4561,4562,4564,4565,4566,4567,4570,4572,4574,4576,4580,4581,4583,4586,4587,4589,4594,4596,4597,4599,4600,4601,4602,4603,4605,4606,4607,4608,4609,4612,4614,4617,4619,4620,4621,4623,4625,4630,4636,4595,4629,4635}",{mortgage},"{newBuilding,secondary}","{flat,apartments}","{it,family,governmentSupport2020,noProgram}",,0,100,0,100,Первый взнос можно частично погасить материнским капиталом,TRUE,2024-01-30 19:06:13.616000,2024-01-30 19:06:13.616000,1396
777,7,"{1,2,4588,4593,4560,4598,4554,4575,4579,4582,4591,4592,4618,4622,4624,4628,4633,4555,4584,4585,4615,4557,4558,4561,4562,4564,4565,4566,4567,4570,4572,4574,4576,4580,4581,4583,4586,4587,4589,4594,4596,4597,4599,4600,4601,4602,4603,4605,4606,4607,4608,4609,4612,4614,4617,4619,4620,4621,4623,4625,4630,4636,4595,4629,4635}",{mortgage},{newBuilding},{flat},{it},,51,100,0,100,Подходит заёмщикам от 20 до 50 лет,TRUE,2024-01-30 19:06:13.616000,2024-01-30 19:06:13.616000,1397
778,7,"{1,2,4588,4593,4560,4598,4554,4575,4579,4582,4591,4592,4618,4622,4624,4628,4633,4555,4584,4585,4615,4557,4558,4561,4562,4564,4565,4566,4567,4570,4572,4574,4576,4580,4581,4583,4586,4587,4589,4594,4596,4597,4599,4600,4601,4602,4603,4605,4606,4607,4608,4609,4612,4614,4617,4619,4620,4621,4623,4625,4630,4636,4595,4629,4635}",{mortgage},{newBuilding},{flat},{it},,0,100,0,100,Подходит сотрудникам IT-компаний с аккредитацией Минцифры РФ,TRUE,2024-01-30 19:06:13.616000,2024-01-30 19:06:13.616000,1398
779,7,"{1,2,4588,4593,4560,4598,4618,4624,4633,4555,4584,4585,4615,4557,4561,4562,4564,4565,4566,4567,4572,4574,4576,4580,4581,4587,4589,4596,4599,4600,4602,4603,4606,4607,4608,4609,4612,4619,4620,4621,4623,4625,4630,4636,4629}",{mortgage},{newBuilding},{flat},{it},,0,100,0,100,"Подходит, если средняя зарплата — от 150 000 ₽ до вычета налогов для Москвы и от 120 000 ₽ до вычета налогов для остальных регионов-миллионников",TRUE,2024-01-30 19:06:13.616000,2024-01-30 19:06:13.616000,1399
780,7,"{4554,4575,4579,4582,4591,4592,4622,4628,4558,4570,4583,4586,4594,4597,4601,4605,4614,4617,4595,4635}",{mortgage},{newBuilding},{flat},{it},,0,100,0,100,"Подходит, если средняя зарплата — от 70 000 ₽ до вычета налогов",TRUE,2024-01-30 19:06:13.616000,2024-01-30 19:06:13.616000,1400
789,7,"{1,2,4588,4593,4560,4598,4554,4575,4579,4582,4591,4592,4618,4622,4624,4628,4633,4555,4584,4585,4615,4557,4558,4561,4562,4564,4565,4566,4567,4570,4572,4574,4576,4580,4581,4583,4586,4587,4589,4594,4596,4597,4599,4600,4601,4602,4603,4605,4606,4607,4608,4609,4612,4614,4617,4619,4620,4621,4623,4625,4630,4636,4595,4629,4635}",{mortgage},{newBuilding},"{flat,apartments}",{noProgram},,55,100,0,100,опция применима для женщин старше 55 лет и и мужчин старше 60 лет  +1 при отказе от страхования жизни,TRUE,2024-01-30 19:06:13.616000,2024-01-30 19:06:13.616000,1409
781,7,"{1,2,4588,4593,4560,4598,4554,4575,4579,4582,4591,4592,4618,4622,4624,4628,4633,4555,4584,4585,4615,4557,4558,4561,4562,4564,4565,4566,4567,4570,4572,4574,4576,4580,4581,4583,4586,4587,4589,4594,4596,4597,4599,4600,4601,4602,4603,4605,4606,4607,4608,4609,4612,4614,4617,4619,4620,4621,4623,4625,4630,4636,4595,4629,4635}","{mortgage,refinancing}","{newBuilding,secondary,refinancing}","{flat,apartments,house,carPlace}","{it,family,governmentSupport2020,noProgram,izhsHozsposopom}",,71,85,0,100,"Подходит заёмщикам от 71 до 85 лет, чей основной доход — пенсия, или есть работающий созаёмщик",TRUE,2024-01-30 19:06:13.616000,2024-01-30 19:06:13.616000,1401
782,7,"{1,2,4588,4593,4560,4598,4554,4575,4579,4582,4591,4592,4618,4622,4624,4628,4633,4555,4584,4585,4615,4557,4558,4561,4562,4564,4565,4566,4567,4570,4572,4574,4576,4580,4581,4583,4586,4587,4589,4594,4596,4597,4599,4600,4601,4602,4603,4605,4606,4607,4608,4609,4612,4614,4617,4619,4620,4621,4623,4625,4630,4636,4595,4629,4635}",{mortgage},{newBuilding},{flat},{governmentSupport2020},,0,100,0,100,Не выдается при отказе от страхования жизни,TRUE,2024-01-30 19:06:13.616000,2024-01-30 19:06:13.616000,1402
783,7,"{1,2,4588,4593,4560,4598,4554,4575,4579,4582,4591,4592,4618,4622,4624,4628,4633,4555,4584,4585,4615,4557,4558,4561,4562,4564,4565,4566,4567,4570,4572,4574,4576,4580,4581,4583,4586,4587,4589,4594,4596,4597,4599,4600,4601,4602,4603,4605,4606,4607,4608,4609,4612,4614,4617,4619,4620,4621,4623,4625,4630,4636,4595,4629,4635}",{mortgage},{newBuilding},{flat},{it},employee,0,100,0,100,Не выдается при отказе от страхования жизни,TRUE,2024-01-30 19:06:13.616000,2024-01-30 19:06:13.616000,1403
784,7,"{1,2,4588,4593,4560,4598,4554,4575,4579,4582,4591,4592,4618,4622,4624,4628,4633,4555,4584,4585,4615,4557,4558,4561,4562,4564,4565,4566,4567,4570,4572,4574,4576,4580,4581,4583,4586,4587,4589,4594,4596,4597,4599,4600,4601,4602,4603,4605,4606,4607,4608,4609,4612,4614,4617,4619,4620,4621,4623,4625,4630,4636,4595,4629,4635}",{mortgage},{newBuilding},{flat},{family},,0,100,0,100,Не выдается при отказе от страхования жизни,TRUE,2024-01-30 19:06:13.616000,2024-01-30 19:06:13.616000,1404
785,7,"{1,2,4588,4593,4560,4598,4554,4575,4579,4582,4591,4592,4618,4622,4624,4628,4633,4555,4584,4585,4615,4557,4558,4561,4562,4564,4565,4566,4567,4570,4572,4574,4576,4580,4581,4583,4586,4587,4589,4594,4596,4597,4599,4600,4601,4602,4603,4605,4606,4607,4608,4609,4612,4614,4617,4619,4620,4621,4623,4625,4630,4636,4595,4629,4635}","{mortgage,refinancing}","{newBuilding,secondary,refinancing}","{flat,apartments,house}",{noProgram},,0,100,0,100,"Опция снижения ставки (включение в сумму кредита): 4% от суммы - 1,5%; 6% от суммы кредита - 2,24%; 10% от суммы кредита - 4%; 15% от суммы кредита - 5%",TRUE,2024-01-30 19:06:13.616000,2024-01-30 19:06:13.616000,1405
786,7,"{1,2,4588,4593,4560,4598,4554,4575,4579,4582,4591,4592,4618,4622,4624,4628,4633,4555,4584,4585,4615,4557,4558,4561,4562,4564,4565,4566,4567,4570,4572,4574,4576,4580,4581,4583,4586,4587,4589,4594,4596,4597,4599,4600,4601,4602,4603,4605,4606,4607,4608,4609,4612,4614,4617,4619,4620,4621,4623,4625,4630,4636,4595,4629,4635}","{mortgage,refinancing}","{newBuilding,refinancing}",{flat},"{it,family,governmentSupport2020}",,0,100,0,100,"Опция снижения ставки (оплата в рассрочку) 5,5% от суммы кредита -0,6%; 6,5% от суммы кредита -0,85%; 7% от суммы кредита -1,1%; 8% от суммы кредита -1,35%; 9% от суммы -1,65%",TRUE,2024-01-30 19:06:13.616000,2024-01-30 19:06:13.616000,1406
787,7,"{1,2,4588,4593,4560,4598,4554,4575,4579,4582,4591,4592,4618,4622,4624,4628,4633,4555,4584,4585,4615,4557,4558,4561,4562,4564,4565,4566,4567,4570,4572,4574,4576,4580,4581,4583,4586,4587,4589,4594,4596,4597,4599,4600,4601,4602,4603,4605,4606,4607,4608,4609,4612,4614,4617,4619,4620,4621,4623,4625,4630,4636,4595,4629,4635}","{mortgage,refinancing}","{newBuilding,secondary,refinancing}","{flat,apartments,house}",{noProgram},,0,100,0,100,"Ставка действительна при использовании Акции ""Выгодная ипотека с халвой""",TRUE,2024-01-30 19:06:13.616000,2024-01-30 19:06:13.616000,1407
788,7,"{1,2,4588,4593,4560,4598,4554,4575,4579,4582,4591,4592,4618,4622,4624,4628,4633,4555,4584,4585,4615,4557,4558,4561,4562,4564,4565,4566,4567,4570,4572,4574,4576,4580,4581,4583,4586,4587,4589,4594,4596,4597,4599,4600,4601,4602,4603,4605,4606,4607,4608,4609,4612,4614,4617,4619,4620,4621,4623,4625,4630,4636,4595,4629,4635}",{mortgage},{newBuilding},"{flat,apartments}",{noProgram},,0,100,0,100,ПВ 15% если покупка от застройщика по ДКП; ПВ 20% если покупка от застройщика по ДДУ,TRUE,2024-01-30 19:06:13.616000,2024-01-30 19:06:13.616000,1408
801,7,"{1,2,4588,4593,4560,4598,4554,4575,4579,4582,4591,4592,4618,4622,4624,4628,4633,4555,4584,4585,4615,4557,4558,4561,4562,4564,4565,4566,4567,4570,4572,4574,4576,4580,4581,4583,4586,4587,4589,4594,4596,4597,4599,4600,4601,4602,4603,4605,4606,4607,4608,4609,4612,4614,4617,4619,4620,4621,4623,4625,4630,4636,4595,4629,4635}",{mortgage},{newBuilding},{flat},{family},,0,100,0,100,"Для программы ""Правильная ипотека"" ставка 0,99% до ввода дома в эксплуатацию",TRUE,2024-01-30 19:06:13.616000,2024-01-30 19:06:13.616000,1421
790,7,"{1,2,4588,4593,4560,4598,4554,4575,4579,4582,4591,4592,4618,4622,4624,4628,4633,4555,4584,4585,4615,4557,4558,4561,4562,4564,4565,4566,4567,4570,4572,4574,4576,4580,4581,4583,4586,4587,4589,4594,4596,4597,4599,4600,4601,4602,4603,4605,4606,4607,4608,4609,4612,4614,4617,4619,4620,4621,4623,4625,4630,4636,4595,4629,4635}",{mortgage},{newBuilding},"{flat,apartments}",{noProgram},,55,100,0,100,опция применима для женщин старше 55 лет и и мужчин старше 60 лет  +1 при отказе от страхования жизни,TRUE,2024-01-30 19:06:13.616000,2024-01-30 19:06:13.616000,1410
791,7,"{1,2,4588,4593,4560,4598,4554,4575,4579,4582,4591,4592,4618,4622,4624,4628,4633,4555,4584,4585,4615,4557,4558,4561,4562,4564,4565,4566,4567,4570,4572,4574,4576,4580,4581,4583,4586,4587,4589,4594,4596,4597,4599,4600,4601,4602,4603,4605,4606,4607,4608,4609,4612,4614,4617,4619,4620,4621,4623,4625,4630,4636,4595,4629,4635}",{mortgage},{secondary},"{flat,apartments}",{noProgram},,55,100,0,100,опция применима для женщин старше 55 лет и и мужчин старше 60 лет  +1 при отказе от страхования жизни,TRUE,2024-01-30 19:06:13.616000,2024-01-30 19:06:13.616000,1411
792,7,"{1,2,4588,4593,4560,4598,4554,4575,4579,4582,4591,4592,4618,4622,4624,4628,4633,4555,4584,4585,4615,4557,4558,4561,4562,4564,4565,4566,4567,4570,4572,4574,4576,4580,4581,4583,4586,4587,4589,4594,4596,4597,4599,4600,4601,4602,4603,4605,4606,4607,4608,4609,4612,4614,4617,4619,4620,4621,4623,4625,4630,4636,4595,4629,4635}",{mortgage},{secondary},"{flat,apartments}",{noProgram},,55,100,0,100,опция применима для женщин старше 55 лет и и мужчин старше 60 лет  +1 при отказе от страхования жизни,TRUE,2024-01-30 19:06:13.616000,2024-01-30 19:06:13.616000,1412
793,7,"{1,2,4588,4593,4560,4598,4554,4575,4579,4582,4591,4592,4618,4622,4624,4628,4633,4555,4584,4585,4615,4557,4558,4561,4562,4564,4565,4566,4567,4570,4572,4574,4576,4580,4581,4583,4586,4587,4589,4594,4596,4597,4599,4600,4601,4602,4603,4605,4606,4607,4608,4609,4612,4614,4617,4619,4620,4621,4623,4625,4630,4636,4595,4629,4635}",{mortgage},{secondary},{house},{noProgram},,55,100,0,100,опция применима для женщин старше 55 лет и и мужчин старше 60 лет  +1 при отказе от страхования жизни,TRUE,2024-01-30 19:06:13.616000,2024-01-30 19:06:13.616000,1413
794,7,"{1,2,4588,4593,4560,4598,4554,4575,4579,4582,4591,4592,4618,4622,4624,4628,4633,4555,4584,4585,4615,4557,4558,4561,4562,4564,4565,4566,4567,4570,4572,4574,4576,4580,4581,4583,4586,4587,4589,4594,4596,4597,4599,4600,4601,4602,4603,4605,4606,4607,4608,4609,4612,4614,4617,4619,4620,4621,4623,4625,4630,4636,4595,4629,4635}",{refinancing},{refinancing},{house},{noProgram},,55,100,0,100,опция применима для женщин старше 55 лет и и мужчин старше 60 лет  +1 при отказе от страхования жизни,TRUE,2024-01-30 19:06:13.616000,2024-01-30 19:06:13.616000,1414
795,7,"{1,2,4588,4593,4560,4598,4554,4575,4579,4582,4591,4592,4618,4622,4624,4628,4633,4555,4584,4585,4615,4557,4558,4561,4562,4564,4565,4566,4567,4570,4572,4574,4576,4580,4581,4583,4586,4587,4589,4594,4596,4597,4599,4600,4601,4602,4603,4605,4606,4607,4608,4609,4612,4614,4617,4619,4620,4621,4623,4625,4630,4636,4595,4629,4635}",{refinancing},{refinancing},"{flat,apartments}",{noProgram},,55,100,0,100,опция применима для женщин старше 55 лет и и мужчин старше 60 лет  +1 при отказе от страхования жизни,TRUE,2024-01-30 19:06:13.616000,2024-01-30 19:06:13.616000,1415
796,7,"{1,2,4588,4593,4560,4598,4554,4575,4579,4582,4591,4592,4618,4622,4624,4628,4633,4555,4584,4585,4615,4557,4558,4561,4562,4564,4565,4566,4567,4570,4572,4574,4576,4580,4581,4583,4586,4587,4589,4594,4596,4597,4599,4600,4601,4602,4603,4605,4606,4607,4608,4609,4612,4614,4617,4619,4620,4621,4623,4625,4630,4636,4595,4629,4635}",{refinancing},{refinancing},"{flat,apartments}",{noProgram},,55,100,0,100,опция применима для женщин старше 55 лет и и мужчин старше 60 лет  +1 при отказе от страхования жизни,TRUE,2024-01-30 19:06:13.616000,2024-01-30 19:06:13.616000,1416
797,7,"{1,2,4588,4593,4560,4598,4554,4575,4579,4582,4591,4592,4618,4622,4624,4628,4633,4555,4584,4585,4615,4557,4558,4561,4562,4564,4565,4566,4567,4570,4572,4574,4576,4580,4581,4583,4586,4587,4589,4594,4596,4597,4599,4600,4601,4602,4603,4605,4606,4607,4608,4609,4612,4614,4617,4619,4620,4621,4623,4625,4630,4636,4595,4629,4635}",{refinancing},{refinancing},"{flat,apartments}",{noProgram},,55,100,0,100,опция применима для женщин старше 55 лет и и мужчин старше 60 лет  +1 при отказе от страхования жизни,TRUE,2024-01-30 19:06:13.616000,2024-01-30 19:06:13.616000,1417
798,7,"{1,2,4588,4593,4560,4598,4554,4575,4579,4582,4591,4592,4618,4622,4624,4628,4633,4555,4584,4585,4615,4557,4558,4561,4562,4564,4565,4566,4567,4570,4572,4574,4576,4580,4581,4583,4586,4587,4589,4594,4596,4597,4599,4600,4601,4602,4603,4605,4606,4607,4608,4609,4612,4614,4617,4619,4620,4621,4623,4625,4630,4636,4595,4629,4635}",{refinancing},{refinancing},"{flat,apartments}",{noProgram},,55,100,0,100,опция применима для женщин старше 55 лет и и мужчин старше 60 лет  +1 при отказе от страхования жизни,TRUE,2024-01-30 19:06:13.616000,2024-01-30 19:06:13.616000,1418
799,7,"{1,2,4588,4593,4560,4598,4554,4575,4579,4582,4591,4592,4618,4622,4624,4628,4633,4555,4584,4585,4615,4557,4558,4561,4562,4564,4565,4566,4567,4570,4572,4574,4576,4580,4581,4583,4586,4587,4589,4594,4596,4597,4599,4600,4601,4602,4603,4605,4606,4607,4608,4609,4612,4614,4617,4619,4620,4621,4623,4625,4630,4636,4595,4629,4635}",{mortgage},{newBuilding},{flat},{governmentSupport2020},,0,100,0,100,"Для программы ""Правильная ипотека"" ставка 0,99% до ввода дома в эксплуатацию",TRUE,2024-01-30 19:06:13.616000,2024-01-30 19:06:13.616000,1419
800,7,"{1,2,4588,4593,4560,4598,4554,4575,4579,4582,4591,4592,4618,4622,4624,4628,4633,4555,4584,4585,4615,4557,4558,4561,4562,4564,4565,4566,4567,4570,4572,4574,4576,4580,4581,4583,4586,4587,4589,4594,4596,4597,4599,4600,4601,4602,4603,4605,4606,4607,4608,4609,4612,4614,4617,4619,4620,4621,4623,4625,4630,4636,4595,4629,4635}",{mortgage},{newBuilding},{flat},{it},employee,0,100,0,100,"Для программы ""Правильная ипотека"" ставка 0,99% до ввода дома в эксплуатацию",TRUE,2024-01-30 19:06:13.616000,2024-01-30 19:06:13.616000,1420
802,7,"{1,2,4588,4593,4560,4598,4554,4575,4579,4582,4591,4592,4618,4622,4624,4628,4633,4555,4584,4585,4615,4557,4558,4561,4562,4564,4565,4566,4567,4570,4572,4574,4576,4580,4581,4583,4586,4587,4589,4594,4596,4597,4599,4600,4601,4602,4603,4605,4606,4607,4608,4609,4612,4614,4617,4619,4620,4621,4623,4625,4630,4636,4595,4629,4635}",{mortgage},{newBuilding},{flat},{governmentSupport2020},,0,100,0,100,"Программа доступна только при выборе одной из опций: ""Правильная ипотека"", ""Субсидирование"", ""Компенсация %""",TRUE,2024-01-30 19:06:13.616000,2024-01-30 19:06:13.616000,1422
803,7,"{1,2,4588,4593,4560,4598,4554,4575,4579,4582,4591,4592,4618,4622,4624,4628,4633,4555,4584,4585,4615,4557,4558,4561,4562,4564,4565,4566,4567,4570,4572,4574,4576,4580,4581,4583,4586,4587,4589,4594,4596,4597,4599,4600,4601,4602,4603,4605,4606,4607,4608,4609,4612,4614,4617,4619,4620,4621,4623,4625,4630,4636,4595,4629,4635}",{mortgage},{newBuilding},{flat},{it},employee,0,100,0,100,"Программа доступна только при выборе одной из опций: ""Правильная ипотека"", ""Субсидирование"", ""Компенсация %""",TRUE,2024-01-30 19:06:13.616000,2024-01-30 19:06:13.616000,1423
804,7,"{1,2,4588,4593,4560,4598,4554,4575,4579,4582,4591,4592,4618,4622,4624,4628,4633,4555,4584,4585,4615,4557,4558,4561,4562,4564,4565,4566,4567,4570,4572,4574,4576,4580,4581,4583,4586,4587,4589,4594,4596,4597,4599,4600,4601,4602,4603,4605,4606,4607,4608,4609,4612,4614,4617,4619,4620,4621,4623,4625,4630,4636,4595,4629,4635}",{mortgage},{newBuilding},{flat},{family},,0,100,0,100,"Программа доступна только при выборе одной из опций: ""Правильная ипотека"", ""Субсидирование"", ""Компенсация %""",TRUE,2024-01-30 19:06:13.616000,2024-01-30 19:06:13.616000,1424
833,4,"{4558,4570,4583,4586,4594,4595,4597,4601,4605,4554,4575,4579,4582,4591,4592,4622,4628,4614,4617,4635}",{mortgage},{newBuilding},{flat},{it},businessOwner,0,100,0,100,Только при предоставление выписки по счету,TRUE,2024-01-31 17:35:00.302000,2024-01-31 17:35:00.302000,1505
834,4,"{4555,4557,4558,4561,4562,4564,4565,4566,4567,4570,4572,4574,4576,4580,4581,4583,4584,4585,4586,4587,4588,4589,4593,1,4594,4595,4596,4597,4598,4599,4600,4601,4602,4603,4605,4554,4560,4575,4579,4582,4591,4592,4618,4622,4624,4628,4633,4606,4607,4608,2,4609,4612,4614,4615,4617,4619,4620,4621,4623,4625,4629,4630,4635,4636}",{mortgage},{newBuilding},{flat},{family},,0,100,0,100,Страхование жизни по госпрограммам обязательно,TRUE,2024-01-31 17:35:00.302000,2024-01-31 17:35:00.302000,1506
835,4,"{4555,4557,4558,4561,4562,4564,4565,4566,4567,4570,4572,4574,4576,4580,4581,4583,4584,4585,4586,4587,4588,4589,4593,1,4594,4595,4596,4597,4598,4599,4600,4601,4602,4603,4605,4554,4560,4575,4579,4582,4591,4592,4618,4622,4624,4628,4633,4606,4607,4608,2,4609,4612,4614,4615,4617,4619,4620,4621,4623,4625,4629,4630,4635,4636}",{mortgage},{newBuilding},{house},{family},,0,100,0,100,Страхование жизни по госпрограммам обязательно,TRUE,2024-01-31 17:35:00.302000,2024-01-31 17:35:00.302000,1507
836,4,"{4555,4557,4558,4561,4562,4564,4565,4566,4567,4570,4572,4574,4576,4580,4581,4583,4584,4585,4586,4587,4588,4589,4593,1,4594,4595,4596,4597,4598,4599,4600,4601,4602,4603,4605,4554,4560,4575,4579,4582,4591,4592,4618,4622,4624,4628,4633,4606,4607,4608,2,4609,4612,4614,4615,4617,4619,4620,4621,4623,4625,4629,4630,4635,4636}",{mortgage},{newBuilding},{flat},{it},,0,100,0,100,Страхование жизни по госпрограммам обязательно,TRUE,2024-01-31 17:35:00.302000,2024-01-31 17:35:00.302000,1508
837,4,"{4555,4557,4558,4561,4562,4564,4565,4566,4567,4570,4572,4574,4576,4580,4581,4583,4584,4585,4586,4587,4588,4589,4593,1,4594,4595,4596,4597,4598,4599,4600,4601,4602,4603,4605,4554,4560,4575,4579,4582,4591,4592,4618,4622,4624,4628,4633,4606,4607,4608,2,4609,4612,4614,4615,4617,4619,4620,4621,4623,4625,4629,4630,4635,4636}",{mortgage},{newBuilding},{house},{it},,0,100,0,100,Страхование жизни по госпрограммам обязательно,TRUE,2024-01-31 17:35:00.302000,2024-01-31 17:35:00.302000,1509
838,4,"{4555,4557,4558,4561,4562,4564,4565,4566,4567,4570,4572,4574,4576,4580,4581,4583,4584,4585,4586,4587,4588,4589,4593,1,4594,4595,4596,4597,4598,4599,4600,4601,4602,4603,4605,4554,4560,4575,4579,4582,4591,4592,4618,4622,4624,4628,4633,4606,4607,4608,2,4609,4612,4614,4615,4617,4619,4620,4621,4623,4625,4629,4630,4635,4636}",{mortgage},{newBuilding},{flat},{governmentSupport2020},,0,100,0,100,Страхование жизни по госпрограммам обязательно,TRUE,2024-01-31 17:35:00.302000,2024-01-31 17:35:00.302000,1510
839,4,"{4555,4557,4558,4561,4562,4564,4565,4566,4567,4570,4572,4574,4576,4580,4581,4583,4584,4585,4586,4587,4588,4589,4593,1,4594,4595,4596,4597,4598,4599,4600,4601,4602,4603,4605,4554,4560,4575,4579,4582,4591,4592,4618,4622,4624,4628,4633,4606,4607,4608,2,4609,4612,4614,4615,4617,4619,4620,4621,4623,4625,4629,4630,4635,4636}",{mortgage},{newBuilding},{house},{governmentSupport2020},,0,100,0,100,Страхование жизни по госпрограммам обязательно,TRUE,2024-01-31 17:35:00.302000,2024-01-31 17:35:00.302000,1511
840,4,"{4555,4557,4558,4561,4562,4564,4565,4566,4567,4570,4572,4574,4576,4580,4581,4583,4584,4585,4586,4587,4588,4589,4593,1,4594,4595,4596,4597,4598,4599,4600,4601,4602,4603,4605,4554,4560,4575,4579,4582,4591,4592,4618,4622,4624,4628,4633,4606,4607,4608,2,4609,4612,4614,4615,4617,4619,4620,4621,4623,4625,4629,4630,4635,4636}",{mortgage},{newBuilding},{flat},{family},,0,100,0,100,"Ставка ниже, если оплатить комиссию: на 0,25% —за 1,35% от кредита; на 0,5% —за 2,85% от кредита; на 1% —за 5,68% от кредита;на 1,5% —за 9,08% от кредита; на 2%—за 12,1% от кредита",TRUE,2024-01-31 17:35:00.302000,2024-01-31 17:35:00.302000,1512
841,4,"{4555,4557,4558,4561,4562,4564,4565,4566,4567,4570,4572,4574,4576,4580,4581,4583,4584,4585,4586,4587,4588,4589,4593,1,4594,4595,4596,4597,4598,4599,4600,4601,4602,4603,4605,4554,4560,4575,4579,4582,4591,4592,4618,4622,4624,4628,4633,4606,4607,4608,2,4609,4612,4614,4615,4617,4619,4620,4621,4623,4625,4629,4630,4635,4636}",{mortgage},{newBuilding},{house},{governmentSupport2020},,0,100,0,100,"Если возраст заемщика от 71 до 75 лет, необходим созаемщик возрастом до 55 лет",TRUE,2024-01-31 17:35:00.302000,2024-01-31 17:35:00.302000,1533
842,4,"{4555,4557,4558,4561,4562,4564,4565,4566,4567,4570,4572,4574,4576,4580,4581,4583,4584,4585,4586,4587,4588,4589,4593,1,4594,4595,4596,4597,4598,4599,4600,4601,4602,4603,4605,4554,4560,4575,4579,4582,4591,4592,4618,4622,4624,4628,4633,4606,4607,4608,2,4609,4612,4614,4615,4617,4619,4620,4621,4623,4625,4629,4630,4635,4636}",{mortgage},{newBuilding},{house},{family},,0,100,0,100,"Ставка ниже, если оплатить комиссию: на 0,25% —за 1,35% от кредита; на 0,5% —за 2,85% от кредита; на 1% —за 5,68% от кредита;на 1,5% —за 9,08% от кредита; на 2%—за 12,1% от кредита",TRUE,2024-01-31 17:35:00.302000,2024-01-31 17:35:00.302000,1513
843,4,"{4555,4557,4558,4561,4562,4564,4565,4566,4567,4570,4572,4574,4576,4580,4581,4583,4584,4585,4586,4587,4588,4589,4593,1,4594,4595,4596,4597,4598,4599,4600,4601,4602,4603,4605,4554,4560,4575,4579,4582,4591,4592,4618,4622,4624,4628,4633,4606,4607,4608,2,4609,4612,4614,4615,4617,4619,4620,4621,4623,4625,4629,4630,4635,4636}",{mortgage},{newBuilding},{flat},{governmentSupport2020},,0,100,0,100,"Ставка ниже, если оплатить комиссию: на 0,25% —за 1,35% от кредита; на 0,5% —за 2,85% от кредита; на 1% —за 5,68% от кредита;на 1,5% —за 9,08% от кредита; на 2%—за 12,1% от кредита",TRUE,2024-01-31 17:35:00.302000,2024-01-31 17:35:00.302000,1514
844,4,"{4555,4557,4558,4561,4562,4564,4565,4566,4567,4570,4572,4574,4576,4580,4581,4583,4584,4585,4586,4587,4588,4589,4593,1,4594,4595,4596,4597,4598,4599,4600,4601,4602,4603,4605,4554,4560,4575,4579,4582,4591,4592,4618,4622,4624,4628,4633,4606,4607,4608,2,4609,4612,4614,4615,4617,4619,4620,4621,4623,4625,4629,4630,4635,4636}",{mortgage},{newBuilding},{house},{governmentSupport2020},,0,100,0,100,"Ставка ниже, если оплатить комиссию: на 0,25% —за 1,35% от кредита; на 0,5% —за 2,85% от кредита; на 1% —за 5,68% от кредита;на 1,5% —за 9,08% от кредита; на 2%—за 12,1% от кредита",TRUE,2024-01-31 17:35:00.302000,2024-01-31 17:35:00.302000,1515
845,4,"{4555,4557,4558,4561,4562,4564,4565,4566,4567,4570,4572,4574,4576,4580,4581,4583,4584,4585,4586,4587,4588,4589,4593,1,4594,4595,4596,4597,4598,4599,4600,4601,4602,4603,4605,4554,4560,4575,4579,4582,4591,4592,4618,4622,4624,4628,4633,4606,4607,4608,2,4609,4612,4614,4615,4617,4619,4620,4621,4623,4625,4629,4630,4635,4636}",{mortgage},{newBuilding},{flat},{it},employee,0,100,0,100,"Ставка ниже, если оплатить комиссию: на 0,25% —за 1,35% от кредита; на 0,5% —за 2,85% от кредита; на 1% —за 5,68% от кредита;на 1,5% —за 9,08% от кредита; на 2%—за 12,1% от кредита",TRUE,2024-01-31 17:35:00.302000,2024-01-31 17:35:00.302000,1516
846,4,"{4555,4557,4558,4561,4562,4564,4565,4566,4567,4570,4572,4574,4576,4580,4581,4583,4584,4585,4586,4587,4588,4589,4593,1,4594,4595,4596,4597,4598,4599,4600,4601,4602,4603,4605,4554,4560,4575,4579,4582,4591,4592,4618,4622,4624,4628,4633,4606,4607,4608,2,4609,4612,4614,4615,4617,4619,4620,4621,4623,4625,4629,4630,4635,4636}",{mortgage},{newBuilding},{house},{it},employee,0,100,0,100,"Ставка ниже, если оплатить комиссию: на 0,25% —за 1,35% от кредита; на 0,5% —за 2,85% от кредита; на 1% —за 5,68% от кредита;на 1,5% —за 9,08% от кредита; на 2%—за 12,1% от кредита",TRUE,2024-01-31 17:35:00.302000,2024-01-31 17:35:00.302000,1517
847,4,"{4555,4557,4558,4561,4562,4564,4565,4566,4567,4570,4572,4574,4576,4580,4581,4583,4584,4585,4586,4587,4588,4589,4593,1,4594,4595,4596,4597,4598,4599,4600,4601,4602,4603,4605,4554,4560,4575,4579,4582,4591,4592,4618,4622,4624,4628,4633,4606,4607,4608,2,4609,4612,4614,4615,4617,4619,4620,4621,4623,4625,4629,4630,4635,4636}",{mortgage},"{newBuilding,secondary}","{flat,apartments}",{noProgram},,0,100,0,100,"Ставка ниже, если оплатить комиссию: на 0,5%—за 1,85% от кредита; на 1% —за 3,7% от кредита; на 1,5% —за 5,6% от кредита;на 2% —за 7,5% от кредита; на 3%—за 11,35% от кредита",TRUE,2024-01-31 17:35:00.302000,2024-01-31 17:35:00.302000,1518
848,4,"{4555,4557,4558,4561,4562,4564,4565,4566,4567,4570,4572,4574,4576,4580,4581,4583,4584,4585,4586,4587,4588,4589,4593,1,4594,4595,4596,4597,4598,4599,4600,4601,4602,4603,4605,4554,4560,4575,4579,4582,4591,4592,4618,4622,4624,4628,4633,4606,4607,4608,2,4609,4612,4614,4615,4617,4619,4620,4621,4623,4625,4629,4630,4635,4636}",{mortgage},"{newBuilding,secondary}",{carPlace},{noProgram},,0,100,0,100,"Ставка ниже, если оплатить комиссию: на 0,5%—за 1,85% от кредита; на 1% —за 3,7% от кредита; на 1,5% —за 5,6% от кредита;на 2% —за 7,5% от кредита; на 3%—за 11,35% от кредита",TRUE,2024-01-31 17:35:00.302000,2024-01-31 17:35:00.302000,1519
849,4,"{4555,4557,4558,4561,4562,4564,4565,4566,4567,4570,4572,4574,4576,4580,4581,4583,4584,4585,4586,4587,4588,4589,4593,1,4594,4595,4596,4597,4598,4599,4600,4601,4602,4603,4605,4554,4560,4575,4579,4582,4591,4592,4618,4622,4624,4628,4633,4606,4607,4608,2,4609,4612,4614,4615,4617,4619,4620,4621,4623,4625,4629,4630,4635,4636}",{mortgage},{secondary},{house},{noProgram},,0,100,0,100,"Ставка ниже, если оплатить комиссию: на 0,5%—за 1,85% от кредита; на 1% —за 3,7% от кредита; на 1,5% —за 5,6% от кредита;на 2% —за 7,5% от кредита; на 3%—за 11,35% от кредита",TRUE,2024-01-31 17:35:00.302000,2024-01-31 17:35:00.302000,1520
850,4,"{4555,4557,4558,4561,4562,4564,4565,4566,4567,4570,4572,4574,4576,4580,4581,4583,4584,4585,4586,4587,4588,4589,4593,1,4594,4595,4596,4597,4598,4599,4600,4601,4602,4603,4605,4554,4560,4575,4579,4582,4591,4592,4618,4622,4624,4628,4633,4606,4607,4608,2,4609,4612,4614,4615,4617,4619,4620,4621,4623,4625,4629,4630,4635,4636}",{mortgage},{newBuilding},{house},{noProgram},,0,100,0,100,"Ставка ниже, если оплатить комиссию: на 0,5%—за 1,85% от кредита; на 1% —за 3,7% от кредита; на 1,5% —за 5,6% от кредита;на 2% —за 7,5% от кредита; на 3%—за 11,35% от кредита",TRUE,2024-01-31 17:35:00.302000,2024-01-31 17:35:00.302000,1521
851,4,"{4555,4557,4558,4561,4562,4564,4565,4566,4567,4570,4572,4574,4576,4580,4581,4583,4584,4585,4586,4587,4588,4589,4593,1,4594,4595,4596,4597,4598,4599,4600,4601,4602,4603,4605,4554,4560,4575,4579,4582,4591,4592,4618,4622,4624,4628,4633,4606,4607,4608,2,4609,4612,4614,4615,4617,4619,4620,4621,4623,4625,4629,4630,4635,4636}",{mortgage},{newBuilding},{flat},{it},,0,100,0,100,"Если возраст заемщика от 71 до 75 лет, необходим созаемщик возрастом до 55 лет",TRUE,2024-01-31 17:35:00.302000,2024-01-31 17:35:00.302000,1534
852,4,"{4555,4557,4558,4561,4562,4564,4565,4566,4567,4570,4572,4574,4576,4580,4581,4583,4584,4585,4586,4587,4588,4589,4593,1,4594,4595,4596,4597,4598,4599,4600,4601,4602,4603,4605,4554,4560,4575,4579,4582,4591,4592,4618,4622,4624,4628,4633,4606,4607,4608,2,4609,4612,4614,4615,4617,4619,4620,4621,4623,4625,4629,4630,4635,4636}",{refinancing},{refinancing},"{flat,apartments}",{noProgram},,0,100,0,100,"Ставка ниже, если оплатить комиссию: на 0,5%—за 1,85% от кредита; на 1% —за 3,7% от кредита; на 1,5% —за 5,6% от кредита;на 2% —за 7,5% от кредита; на 3%—за 11,35% от кредита",TRUE,2024-01-31 17:35:00.302000,2024-01-31 17:35:00.302000,1522
853,4,"{4555,4557,4558,4561,4562,4564,4565,4566,4567,4570,4572,4574,4576,4580,4581,4583,4584,4585,4586,4587,4588,4589,4593,1,4594,4595,4596,4597,4598,4599,4600,4601,4602,4603,4605,4554,4560,4575,4579,4582,4591,4592,4618,4622,4624,4628,4633,4606,4607,4608,2,4609,4612,4614,4615,4617,4619,4620,4621,4623,4625,4629,4630,4635,4636}",{refinancing},{refinancing},{house},{noProgram},,0,100,0,100,"Ставка ниже, если оплатить комиссию: на 0,5%—за 1,85% от кредита; на 1% —за 3,7% от кредита; на 1,5% —за 5,6% от кредита;на 2% —за 7,5% от кредита; на 3%—за 11,35% от кредита",TRUE,2024-01-31 17:35:00.302000,2024-01-31 17:35:00.302000,1523
854,4,"{4555,4557,4558,4561,4562,4564,4565,4566,4567,4570,4572,4574,4576,4580,4581,4583,4584,4585,4586,4587,4588,4589,4593,1,4594,4595,4596,4597,4598,4599,4600,4601,4602,4603,4605,4554,4560,4575,4579,4582,4591,4592,4618,4622,4624,4628,4633,4606,4607,4608,2,4609,4612,4614,4615,4617,4619,4620,4621,4623,4625,4629,4630,4635,4636}",{mortgage},{newBuilding},{flat},{family},,0,100,0,100,Выдается только с применением субсидирования от застройщика. Подробности уточняйте у менеджера,TRUE,2024-01-31 17:35:00.302000,2024-01-31 17:35:00.302000,1524
855,4,"{4555,4557,4558,4561,4562,4564,4565,4566,4567,4570,4572,4574,4576,4580,4581,4583,4584,4585,4586,4587,4588,4589,4593,1,4594,4595,4596,4597,4598,4599,4600,4601,4602,4603,4605,4554,4560,4575,4579,4582,4591,4592,4618,4622,4624,4628,4633,4606,4607,4608,2,4609,4612,4614,4615,4617,4619,4620,4621,4623,4625,4629,4630,4635,4636}",{mortgage},{newBuilding},{house},{family},,0,100,0,100,Выдается только с применением субсидирования от застройщика. Подробности уточняйте у менеджера,TRUE,2024-01-31 17:35:00.302000,2024-01-31 17:35:00.302000,1525
856,4,"{4555,4557,4558,4561,4562,4564,4565,4566,4567,4570,4572,4574,4576,4580,4581,4583,4584,4585,4586,4587,4588,4589,4593,1,4594,4595,4596,4597,4598,4599,4600,4601,4602,4603,4605,4554,4560,4575,4579,4582,4591,4592,4618,4622,4624,4628,4633,4606,4607,4608,2,4609,4612,4614,4615,4617,4619,4620,4621,4623,4625,4629,4630,4635,4636}",{mortgage},{newBuilding},{flat},{governmentSupport2020},,0,100,0,100,Выдается только с применением субсидирования от застройщика. Подробности уточняйте у менеджера,TRUE,2024-01-31 17:35:00.302000,2024-01-31 17:35:00.302000,1526
857,4,"{4555,4557,4558,4561,4562,4564,4565,4566,4567,4570,4572,4574,4576,4580,4581,4583,4584,4585,4586,4587,4588,4589,4593,1,4594,4595,4596,4597,4598,4599,4600,4601,4602,4603,4605,4554,4560,4575,4579,4582,4591,4592,4618,4622,4624,4628,4633,4606,4607,4608,2,4609,4612,4614,4615,4617,4619,4620,4621,4623,4625,4629,4630,4635,4636}",{mortgage},{newBuilding},{house},{governmentSupport2020},,0,100,0,100,Выдается только с применением субсидирования от застройщика. Подробности уточняйте у менеджера,TRUE,2024-01-31 17:35:00.302000,2024-01-31 17:35:00.302000,1527
858,4,"{4555,4557,4558,4561,4562,4564,4565,4566,4567,4570,4572,4574,4576,4580,4581,4583,4584,4585,4586,4587,4588,4589,4593,1,4594,4595,4596,4597,4598,4599,4600,4601,4602,4603,4605,4554,4560,4575,4579,4582,4591,4592,4618,4622,4624,4628,4633,4606,4607,4608,2,4609,4612,4614,4615,4617,4619,4620,4621,4623,4625,4629,4630,4635,4636}",{mortgage},{newBuilding},{flat},{it},employee,0,100,0,100,Выдается только с применением субсидирования от застройщика. Подробности уточняйте у менеджера,TRUE,2024-01-31 17:35:00.302000,2024-01-31 17:35:00.302000,1528
859,4,"{4555,4557,4558,4561,4562,4564,4565,4566,4567,4570,4572,4574,4576,4580,4581,4583,4584,4585,4586,4587,4588,4589,4593,1,4594,4595,4596,4597,4598,4599,4600,4601,4602,4603,4605,4554,4560,4575,4579,4582,4591,4592,4618,4622,4624,4628,4633,4606,4607,4608,2,4609,4612,4614,4615,4617,4619,4620,4621,4623,4625,4629,4630,4635,4636}",{mortgage},{newBuilding},{house},{it},employee,0,100,0,100,Выдается только с применением субсидирования от застройщика. Подробности уточняйте у менеджера,TRUE,2024-01-31 17:35:00.302000,2024-01-31 17:35:00.302000,1529
860,4,"{4555,4557,4558,4561,4562,4564,4565,4566,4567,4570,4572,4574,4576,4580,4581,4583,4584,4585,4586,4587,4588,4589,4593,1,4594,4595,4596,4597,4598,4599,4600,4601,4602,4603,4605,4554,4560,4575,4579,4582,4591,4592,4618,4622,4624,4628,4633,4606,4607,4608,2,4609,4612,4614,4615,4617,4619,4620,4621,4623,4625,4629,4630,4635,4636}",{mortgage},{newBuilding},{flat},{family},,0,100,0,100,"Если возраст заемщика от 71 до 75 лет, необходим созаемщик возрастом до 55 лет",TRUE,2024-01-31 17:35:00.302000,2024-01-31 17:35:00.302000,1530
861,4,"{4555,4557,4558,4561,4562,4564,4565,4566,4567,4570,4572,4574,4576,4580,4581,4583,4584,4585,4586,4587,4588,4589,4593,1,4594,4595,4596,4597,4598,4599,4600,4601,4602,4603,4605,4554,4560,4575,4579,4582,4591,4592,4618,4622,4624,4628,4633,4606,4607,4608,2,4609,4612,4614,4615,4617,4619,4620,4621,4623,4625,4629,4630,4635,4636}",{mortgage},{newBuilding},{house},{family},,0,100,0,100,"Если возраст заемщика от 71 до 75 лет, необходим созаемщик возрастом до 55 лет",TRUE,2024-01-31 17:35:00.302000,2024-01-31 17:35:00.302000,1531
862,4,"{4555,4557,4558,4561,4562,4564,4565,4566,4567,4570,4572,4574,4576,4580,4581,4583,4584,4585,4586,4587,4588,4589,4593,1,4594,4595,4596,4597,4598,4599,4600,4601,4602,4603,4605,4554,4560,4575,4579,4582,4591,4592,4618,4622,4624,4628,4633,4606,4607,4608,2,4609,4612,4614,4615,4617,4619,4620,4621,4623,4625,4629,4630,4635,4636}",{mortgage},{newBuilding},{flat},{governmentSupport2020},,0,100,0,100,"Если возраст заемщика от 71 до 75 лет, необходим созаемщик возрастом до 55 лет",TRUE,2024-01-31 17:35:00.302000,2024-01-31 17:35:00.302000,1532
863,4,"{4555,4557,4558,4561,4562,4564,4565,4566,4567,4570,4572,4574,4576,4580,4581,4583,4584,4585,4586,4587,4588,4589,4593,1,4594,4595,4596,4597,4598,4599,4600,4601,4602,4603,4605,4554,4560,4575,4579,4582,4591,4592,4618,4622,4624,4628,4633,4606,4607,4608,2,4609,4612,4614,4615,4617,4619,4620,4621,4623,4625,4629,4630,4635,4636}",{mortgage},{newBuilding},{house},{it},,0,100,0,100,"Если возраст заемщика от 71 до 75 лет, необходим созаемщик возрастом до 55 лет",TRUE,2024-01-31 17:35:00.302000,2024-01-31 17:35:00.302000,1535
864,4,"{4555,4557,4558,4561,4562,4564,4565,4566,4567,4570,4572,4574,4576,4580,4581,4583,4584,4585,4586,4587,4588,4589,4593,1,4594,4595,4596,4597,4598,4599,4600,4601,4602,4603,4605,4554,4560,4575,4579,4582,4591,4592,4618,4622,4624,4628,4633,4606,4607,4608,2,4609,4612,4614,4615,4617,4619,4620,4621,4623,4625,4629,4630,4635,4636}",{mortgage},"{newBuilding,secondary}","{flat,apartments}",{noProgram},,0,100,0,100,"Если возраст заемщика от 71 до 75 лет, необходим созаемщик возрастом до 55 лет",TRUE,2024-01-31 17:35:00.302000,2024-01-31 17:35:00.302000,1536
865,4,"{4555,4557,4558,4561,4562,4564,4565,4566,4567,4570,4572,4574,4576,4580,4581,4583,4584,4585,4586,4587,4588,4589,4593,1,4594,4595,4596,4597,4598,4599,4600,4601,4602,4603,4605,4554,4560,4575,4579,4582,4591,4592,4618,4622,4624,4628,4633,4606,4607,4608,2,4609,4612,4614,4615,4617,4619,4620,4621,4623,4625,4629,4630,4635,4636}",{mortgage},"{newBuilding,secondary}",{carPlace},{noProgram},,0,100,0,100,"Если возраст заемщика от 71 до 75 лет, необходим созаемщик возрастом до 55 лет",TRUE,2024-01-31 17:35:00.302000,2024-01-31 17:35:00.302000,1537
866,4,"{4555,4557,4558,4561,4562,4564,4565,4566,4567,4570,4572,4574,4576,4580,4581,4583,4584,4585,4586,4587,4588,4589,4593,1,4594,4595,4596,4597,4598,4599,4600,4601,4602,4603,4605,4554,4560,4575,4579,4582,4591,4592,4618,4622,4624,4628,4633,4606,4607,4608,2,4609,4612,4614,4615,4617,4619,4620,4621,4623,4625,4629,4630,4635,4636}",{mortgage},{secondary},{house},{noProgram},,0,100,0,100,"Если возраст заемщика от 71 до 75 лет, необходим созаемщик возрастом до 55 лет",TRUE,2024-01-31 17:35:00.302000,2024-01-31 17:35:00.302000,1538
867,4,"{4555,4557,4558,4561,4562,4564,4565,4566,4567,4570,4572,4574,4576,4580,4581,4583,4584,4585,4586,4587,4588,4589,4593,1,4594,4595,4596,4597,4598,4599,4600,4601,4602,4603,4605,4554,4560,4575,4579,4582,4591,4592,4618,4622,4624,4628,4633,4606,4607,4608,2,4609,4612,4614,4615,4617,4619,4620,4621,4623,4625,4629,4630,4635,4636}",{mortgage},{newBuilding},{house},{noProgram},,0,100,0,100,"Если возраст заемщика от 71 до 75 лет, необходим созаемщик возрастом до 55 лет",TRUE,2024-01-31 17:35:00.302000,2024-01-31 17:35:00.302000,1539
868,4,"{4555,4557,4558,4561,4562,4564,4565,4566,4567,4570,4572,4574,4576,4580,4581,4583,4584,4585,4586,4587,4588,4589,4593,1,4594,4595,4596,4597,4598,4599,4600,4601,4602,4603,4605,4554,4560,4575,4579,4582,4591,4592,4618,4622,4624,4628,4633,4606,4607,4608,2,4609,4612,4614,4615,4617,4619,4620,4621,4623,4625,4629,4630,4635,4636}",{refinancing},{refinancing},"{flat,apartments}",{noProgram},,0,100,0,100,"Если возраст заемщика от 71 до 75 лет, необходим созаемщик возрастом до 55 лет",TRUE,2024-01-31 17:35:00.302000,2024-01-31 17:35:00.302000,1540
869,4,"{4555,4557,4558,4561,4562,4564,4565,4566,4567,4570,4572,4574,4576,4580,4581,4583,4584,4585,4586,4587,4588,4589,4593,1,4594,4595,4596,4597,4598,4599,4600,4601,4602,4603,4605,4554,4560,4575,4579,4582,4591,4592,4618,4622,4624,4628,4633,4606,4607,4608,2,4609,4612,4614,4615,4617,4619,4620,4621,4623,4625,4629,4630,4635,4636}",{refinancing},{refinancing},{house},{noProgram},,0,100,0,100,"Если возраст заемщика от 71 до 75 лет, необходим созаемщик возрастом до 55 лет",TRUE,2024-01-31 17:35:00.302000,2024-01-31 17:35:00.302000,1541
870,4,"{4555,4557,4558,4561,4562,4564,4565,4566,4567,4570,4572,4574,4576,4580,4581,4583,4584,4585,4586,4587,4588,4589,4593,1,4594,4595,4596,4597,4598,4599,4600,4601,4602,4603,4605,4554,4560,4575,4579,4582,4591,4592,4618,4622,4624,4628,4633,4606,4607,4608,2,4609,4612,4614,4615,4617,4619,4620,4621,4623,4625,4629,4630,4635,4636}",{mortgage},{newBuilding},{flat},{governmentSupport2020},,0,100,0,100,Нужна страховка жизни и здоровья — оформляется вместе с ипотекой,TRUE,2024-01-31 17:35:00.302000,2024-01-31 17:35:00.302000,1542
871,4,"{4555,4557,4558,4561,4562,4564,4565,4566,4567,4570,4572,4574,4576,4580,4581,4583,4584,4585,4586,4587,4588,4589,4593,1,4594,4595,4596,4597,4598,4599,4600,4601,4602,4603,4605,4554,4560,4575,4579,4582,4591,4592,4618,4622,4624,4628,4633,4606,4607,4608,2,4609,4612,4614,4615,4617,4619,4620,4621,4623,4625,4629,4630,4635,4636}",{mortgage},{newBuilding},{house},{governmentSupport2020},,0,100,0,100,Нужна страховка жизни и здоровья — оформляется вместе с ипотекой,TRUE,2024-01-31 17:35:00.302000,2024-01-31 17:35:00.302000,1543
872,4,"{1,2,4588,4593}",{mortgage},{newBuilding},{flat},{it},,0,100,0,100,"Минимальная сумма кредита:
• 600 000 ₽ — на объект в Москве, МО, Санкт-Петербурге и ЛО;
• 300 000 ₽ — на объект в другом регионе",TRUE,2024-01-31 17:35:00.302000,2024-01-31 17:35:00.302000,1544
873,4,"{1,2,4588,4593}",{mortgage},{newBuilding},{house},{it},,0,100,0,100,"Минимальная сумма кредита:
• 600 000 ₽ — на объект в Москве, МО, Санкт-Петербурге и ЛО;
• 300 000 ₽ — на объект в другом регионе",TRUE,2024-01-31 17:35:00.302000,2024-01-31 17:35:00.302000,1545
874,4,"{4555,4557,4558,4561,4562,4564,4565,4566,4567,4570,4572,4574,4576,4580,4581,4583,4584,4585,4586,4587,4588,4589,4593,1,4594,4595,4596,4597,4598,4599,4600,4601,4602,4603,4605,4554,4560,4575,4579,4582,4591,4592,4618,4622,4624,4628,4633,4606,4607,4608,2,4609,4612,4614,4615,4617,4619,4620,4621,4623,4625,4629,4630,4635,4636}",{mortgage},{newBuilding},{flat},{it},,0,100,0,100,Подходит сотрудникам IT-компаний с аккредитацией Минцифры РФ,TRUE,2024-01-31 17:35:00.302000,2024-01-31 17:35:00.302000,1546
875,4,"{4555,4557,4558,4561,4562,4564,4565,4566,4567,4570,4572,4574,4576,4580,4581,4583,4584,4585,4586,4587,4588,4589,4593,1,4594,4595,4596,4597,4598,4599,4600,4601,4602,4603,4605,4554,4560,4575,4579,4582,4591,4592,4618,4622,4624,4628,4633,4606,4607,4608,2,4609,4612,4614,4615,4617,4619,4620,4621,4623,4625,4629,4630,4635,4636}",{mortgage},{newBuilding},{house},{it},,0,100,0,100,Подходит сотрудникам IT-компаний с аккредитацией Минцифры РФ,TRUE,2024-01-31 17:35:00.302000,2024-01-31 17:35:00.302000,1547
876,4,"{4555,4557,4558,4561,4562,4564,4565,4566,4567,4570,4572,4574,4576,4580,4581,4583,4584,4585,4586,4587,4588,4589,4593,1,4594,4595,4596,4597,4598,4599,4600,4601,4602,4603,4605,4554,4560,4575,4579,4582,4591,4592,4618,4622,4624,4628,4633,4606,4607,4608,2,4609,4612,4614,4615,4617,4619,4620,4621,4623,4625,4629,4630,4635,4636}",{mortgage},{newBuilding},{flat},{it},,0,100,0,100,Подходит заёмщикам от 20 до 50 лет,TRUE,2024-01-31 17:35:00.302000,2024-01-31 17:35:00.302000,1548
877,4,"{4555,4557,4558,4561,4562,4564,4565,4566,4567,4570,4572,4574,4576,4580,4581,4583,4584,4585,4586,4587,4588,4589,4593,1,4594,4595,4596,4597,4598,4599,4600,4601,4602,4603,4605,4554,4560,4575,4579,4582,4591,4592,4618,4622,4624,4628,4633,4606,4607,4608,2,4609,4612,4614,4615,4617,4619,4620,4621,4623,4625,4629,4630,4635,4636}",{mortgage},{newBuilding},{house},{it},,0,100,0,100,Подходит заёмщикам от 20 до 50 лет,TRUE,2024-01-31 17:35:00.302000,2024-01-31 17:35:00.302000,1549
878,4,"{4555,4557,4561,4562,4564,4565,4566,4567,4572,4574,4576,4580,4581,4584,4585,4587,4588,4589,4593,1,4596,4598,4599,4600,4602,4603,4560,4618,4624,4633,4606,4607,4608,2,4609,4612,4615,4619,4620,4621,4623,4625,4629,4630,4636}",{mortgage},{newBuilding},{flat},{it},,0,100,0,100,"Подходит, если средняя зарплата — от 150 000 ₽ до вычета налогов для Москвы и от 120 000 ₽ до вычета налогов для остальных регионов-миллионников",TRUE,2024-01-31 17:35:00.302000,2024-01-31 17:35:00.302000,1550
879,4,"{4555,4557,4561,4562,4564,4565,4566,4567,4572,4574,4576,4580,4581,4584,4585,4587,4588,4589,4593,1,4596,4598,4599,4600,4602,4603,4560,4618,4624,4633,4606,4607,4608,2,4609,4612,4615,4619,4620,4621,4623,4625,4629,4630,4636}",{mortgage},{newBuilding},{house},{it},,0,100,0,100,"Подходит, если средняя зарплата — от 150 000 ₽ до вычета налогов для Москвы и от 120 000 ₽ до вычета налогов для остальных регионов-миллионников",TRUE,2024-01-31 17:35:00.302000,2024-01-31 17:35:00.302000,1551
880,4,"{4558,4570,4583,4586,4594,4595,4597,4601,4605,4554,4575,4579,4582,4591,4592,4622,4628,4614,4617,4635}",{mortgage},{newBuilding},{flat},{it},,0,100,0,100,"Подходит, если средняя зарплата — от 70 000 ₽ до вычета налогов",TRUE,2024-01-31 17:35:00.302000,2024-01-31 17:35:00.302000,1552
881,4,"{4558,4570,4583,4586,4594,4595,4597,4601,4605,4554,4575,4579,4582,4591,4592,4622,4628,4614,4617,4635}",{mortgage},{newBuilding},{house},{it},,0,100,0,100,"Подходит, если средняя зарплата — от 70 000 ₽ до вычета налогов",TRUE,2024-01-31 17:35:00.302000,2024-01-31 17:35:00.302000,1553