"id","bank_id","condition","rate","region_id","mortgage_type","real_estate_type","object_type","benefit_program","employment_type","loan_amount_min","loan_amount_max","is_active","created_at","updated_at","shadow_id"
354,9,страхование жизни = нет,1.00,"{1,4593,2,4588,4598}",{mortgage},{newBuilding},{flat},{governmentSupport2020},,,,true,2023-04-04 15:18:03.000000,2023-04-04 15:18:03.000000,354
1257,4,зарплатный банк = текущий банк,-0.25,"{1,2,4588,4593,4560,4598,4554,4575,4579,4582,4591,4592,4618,4622,4624,4628,4633,4555,4584,4585,4615,4557,4558,4561,4562,4564,4565,4566,4567,4570,4572,4574,4576,4580,4581,4583,4586,4587,4589,4594,4596,4597,4599,4600,4601,4602,4603,4605,4606,4607,4608,4609,4612,4614,4617,4619,4620,4621,4623,4625,4630,4636,4595,4629,4635}",{mortgage},{newBuilding},{flat},{governmentSupport2020},,,,true,2023-12-26 20:04:55.677000,2023-12-26 20:04:55.677000,1300
1258,4,зарплатный банк = текущий банк,-0.25,"{1,2,4588,4593,4560,4598,4554,4575,4579,4582,4591,4592,4618,4622,4624,4628,4633,4555,4584,4585,4615,4557,4558,4561,4562,4564,4565,4566,4567,4570,4572,4574,4576,4580,4581,4583,4586,4587,4589,4594,4596,4597,4599,4600,4601,4602,4603,4605,4606,4607,4608,4609,4612,4614,4617,4619,4620,4621,4623,4625,4630,4636,4595,4629,4635}",{mortgage},{houseBuilding},{house},{governmentSupport2020},,,,true,2023-12-26 20:04:55.677000,2023-12-26 20:04:55.677000,1301
1259,4,зарплатный банк = текущий банк,-0.25,"{1,2,4588,4593,4560,4598,4554,4575,4579,4582,4591,4592,4618,4622,4624,4628,4633,4555,4584,4585,4615,4557,4558,4561,4562,4564,4565,4566,4567,4570,4572,4574,4576,4580,4581,4583,4586,4587,4589,4594,4596,4597,4599,4600,4601,4602,4603,4605,4606,4607,4608,4609,4612,4614,4617,4619,4620,4621,4623,4625,4630,4636,4595,4629,4635}",{mortgage},{newBuilding},{flat},{family},,,,true,2023-12-26 20:04:55.677000,2023-12-26 20:04:55.677000,1302
1260,4,зарплатный банк = текущий банк,-0.25,"{1,2,4588,4593,4560,4598,4554,4575,4579,4582,4591,4592,4618,4622,4624,4628,4633,4555,4584,4585,4615,4557,4558,4561,4562,4564,4565,4566,4567,4570,4572,4574,4576,4580,4581,4583,4586,4587,4589,4594,4596,4597,4599,4600,4601,4602,4603,4605,4606,4607,4608,4609,4612,4614,4617,4619,4620,4621,4623,4625,4630,4636,4595,4629,4635}",{mortgage},{houseBuilding},{house},{family},,,,true,2023-12-26 20:04:55.677000,2023-12-26 20:04:55.677000,1303
353,9,страхование жизни = нет,3.00,"{1,4593,2,4588,4598}","{mortgage,refinancing}","{newBuilding,secondary,house}","{flat,apartments,house}","{noProgram,family,it}",,,,true,2023-04-04 15:18:03.000000,2023-04-04 15:18:03.000000,353
1263,4,зарплатный банк = текущий банк,-0.25,"{1,2,4588,4593,4560,4598,4554,4575,4579,4582,4591,4592,4618,4622,4624,4628,4633,4555,4584,4585,4615,4557,4558,4561,4562,4564,4565,4566,4567,4570,4572,4574,4576,4580,4581,4583,4586,4587,4589,4594,4596,4597,4599,4600,4601,4602,4603,4605,4606,4607,4608,4609,4612,4614,4617,4619,4620,4621,4623,4625,4630,4636,4595,4629,4635}",{mortgage},{newBuilding},{flat},{it},,,,true,2023-12-26 20:04:55.677000,2023-12-26 20:04:55.677000,1306
1264,4,зарплатный банк = текущий банк,-0.25,"{1,2,4588,4593,4560,4598,4554,4575,4579,4582,4591,4592,4618,4622,4624,4628,4633,4555,4584,4585,4615,4557,4558,4561,4562,4564,4565,4566,4567,4570,4572,4574,4576,4580,4581,4583,4586,4587,4589,4594,4596,4597,4599,4600,4601,4602,4603,4605,4606,4607,4608,4609,4612,4614,4617,4619,4620,4621,4623,4625,4630,4636,4595,4629,4635}",{mortgage},{houseBuilding},{house},{it},,,,true,2023-12-26 20:04:55.677000,2023-12-26 20:04:55.677000,1307
1265,4,зарплатный банк = текущий банк,-0.50,"{1,2,4588,4593,4560,4598,4554,4575,4579,4582,4591,4592,4618,4622,4624,4628,4633,4555,4584,4585,4615,4557,4558,4561,4562,4564,4565,4566,4567,4570,4572,4574,4576,4580,4581,4583,4586,4587,4589,4594,4596,4597,4599,4600,4601,4602,4603,4605,4606,4607,4608,4609,4612,4614,4617,4619,4620,4621,4623,4625,4630,4636,4595,4629,4635}",{mortgage},"{newBuilding,secondary}","{flat,apartments}",{noProgram},,,,true,2023-12-26 20:04:55.677000,2023-12-26 20:04:55.677000,1308
1266,4,зарплатный банк = текущий банк,-0.50,"{1,2,4588,4593,4560,4598,4554,4575,4579,4582,4591,4592,4618,4622,4624,4628,4633,4555,4584,4585,4615,4557,4558,4561,4562,4564,4565,4566,4567,4570,4572,4574,4576,4580,4581,4583,4586,4587,4589,4594,4596,4597,4599,4600,4601,4602,4603,4605,4606,4607,4608,4609,4612,4614,4617,4619,4620,4621,4623,4625,4630,4636,4595,4629,4635}",{mortgage},{secondary},{house},{noProgram},,,,true,2023-12-26 20:04:55.677000,2023-12-26 20:04:55.677000,1309
1267,4,зарплатный банк = текущий банк,-0.50,"{1,2,4588,4593,4560,4598,4554,4575,4579,4582,4591,4592,4618,4622,4624,4628,4633,4555,4584,4585,4615,4557,4558,4561,4562,4564,4565,4566,4567,4570,4572,4574,4576,4580,4581,4583,4586,4587,4589,4594,4596,4597,4599,4600,4601,4602,4603,4605,4606,4607,4608,4609,4612,4614,4617,4619,4620,4621,4623,4625,4630,4636,4595,4629,4635}",{mortgage},{houseBuilding},{house},{noProgram},,,,true,2023-12-26 20:04:55.677000,2023-12-26 20:04:55.677000,1310
1268,4,зарплатный банк = текущий банк,-0.50,"{1,2,4588,4593,4560,4598,4554,4575,4579,4582,4591,4592,4618,4622,4624,4628,4633,4555,4584,4585,4615,4557,4558,4561,4562,4564,4565,4566,4567,4570,4572,4574,4576,4580,4581,4583,4586,4587,4589,4594,4596,4597,4599,4600,4601,4602,4603,4605,4606,4607,4608,4609,4612,4614,4617,4619,4620,4621,4623,4625,4630,4636,4595,4629,4635}",{mortgage},"{newBuilding,secondary}",{carPlace},{noProgram},,,,true,2023-12-26 20:04:55.677000,2023-12-26 20:04:55.677000,1311
1269,4,зарплатный банк = текущий банк,-0.50,"{1,2,4588,4593,4560,4598,4554,4575,4579,4582,4591,4592,4618,4622,4624,4628,4633,4555,4584,4585,4615,4557,4558,4561,4562,4564,4565,4566,4567,4570,4572,4574,4576,4580,4581,4583,4586,4587,4589,4594,4596,4597,4599,4600,4601,4602,4603,4605,4606,4607,4608,4609,4612,4614,4617,4619,4620,4621,4623,4625,4630,4636,4595,4629,4635}",{refinancing},"{newBuilding,secondary}","{flat,apartments}",{noProgram},,,,true,2023-12-26 20:04:55.677000,2023-12-26 20:04:55.677000,1312
1270,4,зарплатный банк = текущий банк,-0.50,"{1,2,4588,4593,4560,4598,4554,4575,4579,4582,4591,4592,4618,4622,4624,4628,4633,4555,4584,4585,4615,4557,4558,4561,4562,4564,4565,4566,4567,4570,4572,4574,4576,4580,4581,4583,4586,4587,4589,4594,4596,4597,4599,4600,4601,4602,4603,4605,4606,4607,4608,4609,4612,4614,4617,4619,4620,4621,4623,4625,4630,4636,4595,4629,4635}",{refinancing},{secondary},{house},{noProgram},,,,true,2023-12-26 20:04:55.677000,2023-12-26 20:04:55.677000,1313
1271,4,страхование жизни = нет,0.70,"{1,2,4588,4593,4560,4598,4554,4575,4579,4582,4591,4592,4618,4622,4624,4628,4633,4555,4584,4585,4615,4557,4558,4561,4562,4564,4565,4566,4567,4570,4572,4574,4576,4580,4581,4583,4586,4587,4589,4594,4596,4597,4599,4600,4601,4602,4603,4605,4606,4607,4608,4609,4612,4614,4617,4619,4620,4621,4623,4625,4630,4636,4595,4629,4635}",{refinancing},"{newBuilding,secondary}","{flat,apartments}",{noProgram},,,,true,2023-12-26 20:04:55.677000,2023-12-26 20:04:55.677000,1314
1272,4,страхование жизни = нет,0.70,"{1,2,4588,4593,4560,4598,4554,4575,4579,4582,4591,4592,4618,4622,4624,4628,4633,4555,4584,4585,4615,4557,4558,4561,4562,4564,4565,4566,4567,4570,4572,4574,4576,4580,4581,4583,4586,4587,4589,4594,4596,4597,4599,4600,4601,4602,4603,4605,4606,4607,4608,4609,4612,4614,4617,4619,4620,4621,4623,4625,4630,4636,4595,4629,4635}",{mortgage},"{newBuilding,secondary}","{flat,apartments}",{noProgram},,,,true,2023-12-26 20:04:55.677000,2023-12-26 20:04:55.677000,1315
1273,4,страхование жизни = нет,0.70,"{1,2,4588,4593,4560,4598,4554,4575,4579,4582,4591,4592,4618,4622,4624,4628,4633,4555,4584,4585,4615,4557,4558,4561,4562,4564,4565,4566,4567,4570,4572,4574,4576,4580,4581,4583,4586,4587,4589,4594,4596,4597,4599,4600,4601,4602,4603,4605,4606,4607,4608,4609,4612,4614,4617,4619,4620,4621,4623,4625,4630,4636,4595,4629,4635}",{mortgage},{houseBuilding},{house},{noProgram},,,,true,2023-12-26 20:04:55.677000,2023-12-26 20:04:55.677000,1316
1274,4,страхование жизни = нет,0.70,"{1,2,4588,4593,4560,4598,4554,4575,4579,4582,4591,4592,4618,4622,4624,4628,4633,4555,4584,4585,4615,4557,4558,4561,4562,4564,4565,4566,4567,4570,4572,4574,4576,4580,4581,4583,4586,4587,4589,4594,4596,4597,4599,4600,4601,4602,4603,4605,4606,4607,4608,4609,4612,4614,4617,4619,4620,4621,4623,4625,4630,4636,4595,4629,4635}",{mortgage},"{newBuilding,secondary}",{carPlace},{noProgram},,,,true,2023-12-26 20:04:55.677000,2023-12-26 20:04:55.677000,1317
1275,4,страхование жизни = нет,0.70,"{1,2,4588,4593,4560,4598,4554,4575,4579,4582,4591,4592,4618,4622,4624,4628,4633,4555,4584,4585,4615,4557,4558,4561,4562,4564,4565,4566,4567,4570,4572,4574,4576,4580,4581,4583,4586,4587,4589,4594,4596,4597,4599,4600,4601,4602,4603,4605,4606,4607,4608,4609,4612,4614,4617,4619,4620,4621,4623,4625,4630,4636,4595,4629,4635}",{mortgage},{secondary},{house},{noProgram},,,,true,2023-12-26 20:04:55.677000,2023-12-26 20:04:55.677000,1318
1034,3,страхование жизни = нет,1.00,"{1,2,4588,4593,4560,4598,4554,4575,4579,4582,4591,4592,4618,4622,4624,4628,4633,4555,4584,4585,4615,4557,4558,4561,4562,4564,4565,4566,4567,4570,4572,4574,4576,4580,4581,4583,4586,4587,4589,4594,4596,4597,4599,4600,4601,4602,4603,4605,4606,4607,4608,4609,4612,4614,4617,4619,4620,4621,4623,4625,4630,4636,4595,4629,4635}",{mortgage},{secondary},{house},{noProgram},,,,true,2023-09-12 22:00:00.000000,2023-09-12 22:00:00.000000,1035
1276,4,страхование жизни = нет,0.70,"{1,2,4588,4593,4560,4598,4554,4575,4579,4582,4591,4592,4618,4622,4624,4628,4633,4555,4584,4585,4615,4557,4558,4561,4562,4564,4565,4566,4567,4570,4572,4574,4576,4580,4581,4583,4586,4587,4589,4594,4596,4597,4599,4600,4601,4602,4603,4605,4606,4607,4608,4609,4612,4614,4617,4619,4620,4621,4623,4625,4630,4636,4595,4629,4635}",{refinancing},{secondary},{house},{noProgram},,,,true,2023-12-26 20:04:55.677000,2023-12-26 20:04:55.677000,1319
1279,5,страхование жизни = нет,1.50,"{1,2,4588,4593,4560,4598,4554,4575,4579,4582,4591,4592,4618,4622,4624,4628,4633,4555,4584,4585,4615,4557,4558,4561,4562,4564,4565,4566,4567,4570,4572,4574,4576,4580,4581,4583,4586,4587,4589,4594,4596,4597,4599,4600,4601,4602,4603,4605,4606,4607,4608,4609,4612,4614,4617,4619,4620,4621,4623,4625,4630,4636,4595,4629,4635}",{mortgage},{secondary},"{flat,apartments}",{noProgram},,,,true,2023-12-26 17:06:34.155000,2023-12-26 17:06:34.155000,1279
1277,2,страхование жизни = нет,1.00,"{1,2,4588,4593,4560,4598,4554,4575,4579,4582,4591,4592,4618,4622,4624,4628,4633,4555,4584,4585,4615,4557,4558,4561,4562,4564,4565,4566,4567,4570,4572,4574,4576,4580,4581,4583,4586,4587,4589,4594,4596,4597,4599,4600,4601,4602,4603,4605,4606,4607,4608,4609,4612,4614,4617,4619,4620,4621,4623,4625,4630,4636,4595,4629,4635}",{mortgage},{newBuilding},{flat},{governmentSupport2020},,,,true,2023-12-26 15:15:39.758000,2023-12-26 15:15:39.758000,1277
1280,5,страхование жизни = нет,1.50,"{1,2,4588,4593,4560,4598,4554,4575,4579,4582,4591,4592,4618,4622,4624,4628,4633,4555,4584,4585,4615,4557,4558,4561,4562,4564,4565,4566,4567,4570,4572,4574,4576,4580,4581,4583,4586,4587,4589,4594,4596,4597,4599,4600,4601,4602,4603,4605,4606,4607,4608,4609,4612,4614,4617,4619,4620,4621,4623,4625,4630,4636,4595,4629,4635}",{mortgage},{houseBuilding},{house},{noProgram},,,,true,2023-12-26 17:06:34.155000,2023-12-26 17:06:34.155000,1280
1281,5,страхование жизни = нет,1.50,"{1,2,4588,4593,4560,4598,4554,4575,4579,4582,4591,4592,4618,4622,4624,4628,4633,4555,4584,4585,4615,4557,4558,4561,4562,4564,4565,4566,4567,4570,4572,4574,4576,4580,4581,4583,4586,4587,4589,4594,4596,4597,4599,4600,4601,4602,4603,4605,4606,4607,4608,4609,4612,4614,4617,4619,4620,4621,4623,4625,4630,4636,4595,4629,4635}",{mortgage},{secondary},{house},{noProgram},,,,true,2023-12-26 17:06:34.155000,2023-12-26 17:06:34.155000,1281
1282,5,страхование жизни = нет,1.50,"{1,2,4588,4593,4560,4598,4554,4575,4579,4582,4591,4592,4618,4622,4624,4628,4633,4555,4584,4585,4615,4557,4558,4561,4562,4564,4565,4566,4567,4570,4572,4574,4576,4580,4581,4583,4586,4587,4589,4594,4596,4597,4599,4600,4601,4602,4603,4605,4606,4607,4608,4609,4612,4614,4617,4619,4620,4621,4623,4625,4630,4636,4595,4629,4635}",{refinancing},"{newBuilding,secondary}","{flat,apartments}",{noProgram},,,,true,2023-12-26 17:06:34.155000,2023-12-26 17:06:34.155000,1282
1108,3,зарплатный банк = текущий банк,-0.30,"{1,2,4588,4593,4560,4598,4554,4575,4579,4582,4591,4592,4618,4622,4624,4628,4633,4555,4584,4585,4615,4557,4558,4561,4562,4564,4565,4566,4567,4570,4572,4574,4576,4580,4581,4583,4586,4587,4589,4594,4596,4597,4599,4600,4601,4602,4603,4605,4606,4607,4608,4609,4612,4614,4617,4619,4620,4621,4623,4625,4630,4636,4595,4629,4635}",{mortgage},{newBuilding},{flat},{noProgram},,,3000000,true,2023-10-09 20:00:00.000000,2023-10-09 20:00:00.000000,1109
1109,3,зарплатный банк = текущий банк,-0.30,"{1,2,4588,4593,4560,4598,4554,4575,4579,4582,4591,4592,4618,4622,4624,4628,4633,4555,4584,4585,4615,4557,4558,4561,4562,4564,4565,4566,4567,4570,4572,4574,4576,4580,4581,4583,4586,4587,4589,4594,4596,4597,4599,4600,4601,4602,4603,4605,4606,4607,4608,4609,4612,4614,4617,4619,4620,4621,4623,4625,4630,4636,4595,4629,4635}",{mortgage},{secondary},{flat},{noProgram},,,3000000,true,2023-10-09 20:00:00.000000,2023-10-09 20:00:00.000000,1110
1110,3,зарплатный банк = текущий банк,-0.30,"{1,2,4588,4593,4560,4598,4554,4575,4579,4582,4591,4592,4618,4622,4624,4628,4633,4555,4584,4585,4615,4557,4558,4561,4562,4564,4565,4566,4567,4570,4572,4574,4576,4580,4581,4583,4586,4587,4589,4594,4596,4597,4599,4600,4601,4602,4603,4605,4606,4607,4608,4609,4612,4614,4617,4619,4620,4621,4623,4625,4630,4636,4595,4629,4635}",{mortgage},{newBuilding},{apartments},{noProgram},,,3000000,true,2023-10-09 20:00:00.000000,2023-10-09 20:00:00.000000,1111
1111,3,зарплатный банк = текущий банк,-0.30,"{1,2,4588,4593,4560,4598,4554,4575,4579,4582,4591,4592,4618,4622,4624,4628,4633,4555,4584,4585,4615,4557,4558,4561,4562,4564,4565,4566,4567,4570,4572,4574,4576,4580,4581,4583,4586,4587,4589,4594,4596,4597,4599,4600,4601,4602,4603,4605,4606,4607,4608,4609,4612,4614,4617,4619,4620,4621,4623,4625,4630,4636,4595,4629,4635}",{mortgage},{secondary},{apartments},{noProgram},,,3000000,true,2023-10-09 20:00:00.000000,2023-10-09 20:00:00.000000,1112
1112,3,страхование жизни = нет,1.00,"{1,2,4588,4593,4560,4598,4554,4575,4579,4582,4591,4592,4618,4622,4624,4628,4633,4555,4584,4585,4615,4557,4558,4561,4562,4564,4565,4566,4567,4570,4572,4574,4576,4580,4581,4583,4586,4587,4589,4594,4596,4597,4599,4600,4601,4602,4603,4605,4606,4607,4608,4609,4612,4614,4617,4619,4620,4621,4623,4625,4630,4636,4595,4629,4635}",{mortgage},{newBuilding},{flat},{noProgram},,,,true,2023-10-09 20:00:00.000000,2023-10-09 20:00:00.000000,1113
1113,3,страхование жизни = нет,1.00,"{1,2,4588,4593,4560,4598,4554,4575,4579,4582,4591,4592,4618,4622,4624,4628,4633,4555,4584,4585,4615,4557,4558,4561,4562,4564,4565,4566,4567,4570,4572,4574,4576,4580,4581,4583,4586,4587,4589,4594,4596,4597,4599,4600,4601,4602,4603,4605,4606,4607,4608,4609,4612,4614,4617,4619,4620,4621,4623,4625,4630,4636,4595,4629,4635}",{mortgage},{secondary},{flat},{noProgram},,,,true,2023-10-09 20:00:00.000000,2023-10-09 20:00:00.000000,1114
1114,3,страхование жизни = нет,1.00,"{1,2,4588,4593,4560,4598,4554,4575,4579,4582,4591,4592,4618,4622,4624,4628,4633,4555,4584,4585,4615,4557,4558,4561,4562,4564,4565,4566,4567,4570,4572,4574,4576,4580,4581,4583,4586,4587,4589,4594,4596,4597,4599,4600,4601,4602,4603,4605,4606,4607,4608,4609,4612,4614,4617,4619,4620,4621,4623,4625,4630,4636,4595,4629,4635}",{mortgage},{newBuilding},{apartments},{noProgram},,,,true,2023-10-09 20:00:00.000000,2023-10-09 20:00:00.000000,1115
1115,3,страхование жизни = нет,1.00,"{1,2,4588,4593,4560,4598,4554,4575,4579,4582,4591,4592,4618,4622,4624,4628,4633,4555,4584,4585,4615,4557,4558,4561,4562,4564,4565,4566,4567,4570,4572,4574,4576,4580,4581,4583,4586,4587,4589,4594,4596,4597,4599,4600,4601,4602,4603,4605,4606,4607,4608,4609,4612,4614,4617,4619,4620,4621,4623,4625,4630,4636,4595,4629,4635}",{mortgage},{secondary},{apartments},{noProgram},,,,true,2023-10-09 20:00:00.000000,2023-10-09 20:00:00.000000,1116
1116,3,зарплатный банк = текущий банк,-0.30,"{1,2,4588,4593,4560,4598,4554,4575,4579,4582,4591,4592,4618,4622,4624,4628,4633,4555,4584,4585,4615,4557,4558,4561,4562,4564,4565,4566,4567,4570,4572,4574,4576,4580,4581,4583,4586,4587,4589,4594,4596,4597,4599,4600,4601,4602,4603,4605,4606,4607,4608,4609,4612,4614,4617,4619,4620,4621,4623,4625,4630,4636,4595,4629,4635}",{refinancing},{newBuilding},{flat},{noProgram},,,3000000,true,2023-10-09 20:00:00.000000,2023-10-09 20:00:00.000000,1117
1117,3,зарплатный банк = текущий банк,-0.30,"{1,2,4588,4593,4560,4598,4554,4575,4579,4582,4591,4592,4618,4622,4624,4628,4633,4555,4584,4585,4615,4557,4558,4561,4562,4564,4565,4566,4567,4570,4572,4574,4576,4580,4581,4583,4586,4587,4589,4594,4596,4597,4599,4600,4601,4602,4603,4605,4606,4607,4608,4609,4612,4614,4617,4619,4620,4621,4623,4625,4630,4636,4595,4629,4635}",{refinancing},{secondary},{flat},{noProgram},,,3000000,true,2023-10-09 20:00:00.000000,2023-10-09 20:00:00.000000,1118
1118,3,зарплатный банк = текущий банк,-0.30,"{1,2,4588,4593,4560,4598,4554,4575,4579,4582,4591,4592,4618,4622,4624,4628,4633,4555,4584,4585,4615,4557,4558,4561,4562,4564,4565,4566,4567,4570,4572,4574,4576,4580,4581,4583,4586,4587,4589,4594,4596,4597,4599,4600,4601,4602,4603,4605,4606,4607,4608,4609,4612,4614,4617,4619,4620,4621,4623,4625,4630,4636,4595,4629,4635}",{refinancing},{newBuilding},{apartments},{noProgram},,,3000000,true,2023-10-09 20:00:00.000000,2023-10-09 20:00:00.000000,1119
1119,3,зарплатный банк = текущий банк,-0.30,"{1,2,4588,4593,4560,4598,4554,4575,4579,4582,4591,4592,4618,4622,4624,4628,4633,4555,4584,4585,4615,4557,4558,4561,4562,4564,4565,4566,4567,4570,4572,4574,4576,4580,4581,4583,4586,4587,4589,4594,4596,4597,4599,4600,4601,4602,4603,4605,4606,4607,4608,4609,4612,4614,4617,4619,4620,4621,4623,4625,4630,4636,4595,4629,4635}",{refinancing},{secondary},{apartments},{noProgram},,,3000000,true,2023-10-09 20:00:00.000000,2023-10-09 20:00:00.000000,1120
1120,3,страхование жизни = нет,1.00,"{1,2,4588,4593,4560,4598,4554,4575,4579,4582,4591,4592,4618,4622,4624,4628,4633,4555,4584,4585,4615,4557,4558,4561,4562,4564,4565,4566,4567,4570,4572,4574,4576,4580,4581,4583,4586,4587,4589,4594,4596,4597,4599,4600,4601,4602,4603,4605,4606,4607,4608,4609,4612,4614,4617,4619,4620,4621,4623,4625,4630,4636,4595,4629,4635}",{refinancing},{newBuilding},{flat},{noProgram},,,,true,2023-10-09 20:00:00.000000,2023-10-09 20:00:00.000000,1121
1121,3,страхование жизни = нет,1.00,"{1,2,4588,4593,4560,4598,4554,4575,4579,4582,4591,4592,4618,4622,4624,4628,4633,4555,4584,4585,4615,4557,4558,4561,4562,4564,4565,4566,4567,4570,4572,4574,4576,4580,4581,4583,4586,4587,4589,4594,4596,4597,4599,4600,4601,4602,4603,4605,4606,4607,4608,4609,4612,4614,4617,4619,4620,4621,4623,4625,4630,4636,4595,4629,4635}",{refinancing},{secondary},{flat},{noProgram},,,,true,2023-10-09 20:00:00.000000,2023-10-09 20:00:00.000000,1122
1122,3,страхование жизни = нет,1.00,"{1,2,4588,4593,4560,4598,4554,4575,4579,4582,4591,4592,4618,4622,4624,4628,4633,4555,4584,4585,4615,4557,4558,4561,4562,4564,4565,4566,4567,4570,4572,4574,4576,4580,4581,4583,4586,4587,4589,4594,4596,4597,4599,4600,4601,4602,4603,4605,4606,4607,4608,4609,4612,4614,4617,4619,4620,4621,4623,4625,4630,4636,4595,4629,4635}",{refinancing},{newBuilding},{apartments},{noProgram},,,,true,2023-10-09 20:00:00.000000,2023-10-09 20:00:00.000000,1123
1123,3,страхование жизни = нет,1.00,"{1,2,4588,4593,4560,4598,4554,4575,4579,4582,4591,4592,4618,4622,4624,4628,4633,4555,4584,4585,4615,4557,4558,4561,4562,4564,4565,4566,4567,4570,4572,4574,4576,4580,4581,4583,4586,4587,4589,4594,4596,4597,4599,4600,4601,4602,4603,4605,4606,4607,4608,4609,4612,4614,4617,4619,4620,4621,4623,4625,4630,4636,4595,4629,4635}",{refinancing},{secondary},{apartments},{noProgram},,,,true,2023-10-09 20:00:00.000000,2023-10-09 20:00:00.000000,1124
1339,7,зарплатный банк = текущий банк,-0.50,"{1,2,4588,4593,4560,4598,4554,4575,4579,4582,4591,4592,4618,4622,4624,4628,4633,4555,4584,4585,4615,4557,4558,4561,4562,4564,4565,4566,4567,4570,4572,4574,4576,4580,4581,4583,4586,4587,4589,4594,4596,4597,4599,4600,4601,4602,4603,4605,4606,4607,4608,4609,4612,4614,4617,4619,4620,4621,4623,4625,4630,4636,4595,4629,4635}",{mortgage},{newBuilding},{flat},{noProgram},,,,true,2024-01-30 19:30:53.918000,2024-01-30 19:30:53.918000,1339
1340,7,зарплатный банк = текущий банк,-0.50,"{1,2,4588,4593,4560,4598,4554,4575,4579,4582,4591,4592,4618,4622,4624,4628,4633,4555,4584,4585,4615,4557,4558,4561,4562,4564,4565,4566,4567,4570,4572,4574,4576,4580,4581,4583,4586,4587,4589,4594,4596,4597,4599,4600,4601,4602,4603,4605,4606,4607,4608,4609,4612,4614,4617,4619,4620,4621,4623,4625,4630,4636,4595,4629,4635}",{mortgage},{secondary},{flat},{noProgram},,,,true,2024-01-30 19:30:53.918000,2024-01-30 19:30:53.918000,1340
1341,7,зарплатный банк = текущий банк,-0.50,"{1,2,4588,4593,4560,4598,4554,4575,4579,4582,4591,4592,4618,4622,4624,4628,4633,4555,4584,4585,4615,4557,4558,4561,4562,4564,4565,4566,4567,4570,4572,4574,4576,4580,4581,4583,4586,4587,4589,4594,4596,4597,4599,4600,4601,4602,4603,4605,4606,4607,4608,4609,4612,4614,4617,4619,4620,4621,4623,4625,4630,4636,4595,4629,4635}",{mortgage},{secondary},{house},{noProgram},,,,true,2024-01-30 19:30:53.918000,2024-01-30 19:30:53.918000,1341
1342,7,зарплатный банк = текущий банк,-0.50,"{1,2,4588,4593,4560,4598,4554,4575,4579,4582,4591,4592,4618,4622,4624,4628,4633,4555,4584,4585,4615,4557,4558,4561,4562,4564,4565,4566,4567,4570,4572,4574,4576,4580,4581,4583,4586,4587,4589,4594,4596,4597,4599,4600,4601,4602,4603,4605,4606,4607,4608,4609,4612,4614,4617,4619,4620,4621,4623,4625,4630,4636,4595,4629,4635}",{refinancing},{secondary},{house},{noProgram},,,,true,2024-01-30 19:30:53.918000,2024-01-30 19:30:53.918000,1342
1343,7,зарплатный банк = текущий банк,-0.50,"{1,2,4588,4593,4560,4598,4554,4575,4579,4582,4591,4592,4618,4622,4624,4628,4633,4555,4584,4585,4615,4557,4558,4561,4562,4564,4565,4566,4567,4570,4572,4574,4576,4580,4581,4583,4586,4587,4589,4594,4596,4597,4599,4600,4601,4602,4603,4605,4606,4607,4608,4609,4612,4614,4617,4619,4620,4621,4623,4625,4630,4636,4595,4629,4635}",{refinancing},{newBuilding},{flat},{noProgram},,,,true,2024-01-30 19:30:53.918000,2024-01-30 19:30:53.918000,1343
1344,7,зарплатный банк = текущий банк,-0.50,"{1,2,4588,4593,4560,4598,4554,4575,4579,4582,4591,4592,4618,4622,4624,4628,4633,4555,4584,4585,4615,4557,4558,4561,4562,4564,4565,4566,4567,4570,4572,4574,4576,4580,4581,4583,4586,4587,4589,4594,4596,4597,4599,4600,4601,4602,4603,4605,4606,4607,4608,4609,4612,4614,4617,4619,4620,4621,4623,4625,4630,4636,4595,4629,4635}",{refinancing},{secondary},{flat},{noProgram},,,,true,2024-01-30 19:30:53.918000,2024-01-30 19:30:53.918000,1344
1278,5,страхование жизни = нет,1.50,"{1,2,4588,4593,4560,4598,4554,4575,4579,4582,4591,4592,4618,4622,4624,4628,4633,4555,4584,4585,4615,4557,4558,4561,4562,4564,4565,4566,4567,4570,4572,4574,4576,4580,4581,4583,4586,4587,4589,4594,4596,4597,4599,4600,4601,4602,4603,4605,4606,4607,4608,4609,4612,4614,4617,4619,4620,4621,4623,4625,4630,4636,4595,4629,4635}",{mortgage},{newBuilding},"{flat,apartments}",{noProgram},,,,true,2023-12-26 17:06:34.155000,2023-12-26 17:06:34.155000,1278
1166,2,страхование жизни = нет,1.00,"{1,2,4588,4593,4560,4598,4554,4575,4579,4582,4591,4592,4618,4622,4624,4628,4633,4555,4584,4585,4615,4557,4558,4561,4562,4564,4565,4566,4567,4570,4572,4574,4576,4580,4581,4583,4586,4587,4589,4594,4596,4597,4599,4600,4601,4602,4603,4605,4606,4607,4608,4609,4612,4614,4617,4619,4620,4621,4623,4625,4630,4636,4595,4629,4635}",{mortgage},{newBuilding},"{flat,apartments}",{noProgram},,,,true,2023-11-15 20:14:31.304000,2023-11-15 20:14:31.304000,1181
1167,2,страхование жизни = нет,1.00,"{1,2,4588,4593,4560,4598,4554,4575,4579,4582,4591,4592,4618,4622,4624,4628,4633,4555,4584,4585,4615,4557,4558,4561,4562,4564,4565,4566,4567,4570,4572,4574,4576,4580,4581,4583,4586,4587,4589,4594,4596,4597,4599,4600,4601,4602,4603,4605,4606,4607,4608,4609,4612,4614,4617,4619,4620,4621,4623,4625,4630,4636,4595,4629,4635}",{mortgage},{secondary},"{flat,apartments}",{noProgram},,,,true,2023-11-15 20:14:31.304000,2023-11-15 20:14:31.304000,1182
1168,2,страхование жизни = нет,1.00,"{1,2,4588,4593,4560,4598,4554,4575,4579,4582,4591,4592,4618,4622,4624,4628,4633,4555,4584,4585,4615,4557,4558,4561,4562,4564,4565,4566,4567,4570,4572,4574,4576,4580,4581,4583,4586,4587,4589,4594,4596,4597,4599,4600,4601,4602,4603,4605,4606,4607,4608,4609,4612,4614,4617,4619,4620,4621,4623,4625,4630,4636,4595,4629,4635}",{mortgage},{secondary},{house},{noProgram},,,,true,2023-11-15 20:14:31.304000,2023-11-15 20:14:31.304000,1183
1169,2,страхование жизни = нет,1.00,"{1,2,4588,4593,4560,4598,4554,4575,4579,4582,4591,4592,4618,4622,4624,4628,4633,4555,4584,4585,4615,4557,4558,4561,4562,4564,4565,4566,4567,4570,4572,4574,4576,4580,4581,4583,4586,4587,4589,4594,4596,4597,4599,4600,4601,4602,4603,4605,4606,4607,4608,4609,4612,4614,4617,4619,4620,4621,4623,4625,4630,4636,4595,4629,4635}",{refinancing},"{newBuilding,secondary}","{flat,apartments}",{noProgram},,,,true,2023-11-15 20:14:31.304000,2023-11-15 20:14:31.304000,1184
1170,2,зарплатный банк = текущий банк,-0.20,"{1,2,4588,4593,4560,4598,4554,4575,4579,4582,4591,4592,4618,4622,4624,4628,4633,4555,4584,4585,4615,4557,4558,4561,4562,4564,4565,4566,4567,4570,4572,4574,4576,4580,4581,4583,4586,4587,4589,4594,4596,4597,4599,4600,4601,4602,4603,4605,4606,4607,4608,4609,4612,4614,4617,4619,4620,4621,4623,4625,4630,4636,4595,4629,4635}",{mortgage},{newBuilding},"{flat,apartments}",{noProgram},,,,true,2023-11-15 20:14:31.304000,2023-11-15 20:14:31.304000,1185
1171,2,зарплатный банк = текущий банк,-0.20,"{1,2,4588,4593,4560,4598,4554,4575,4579,4582,4591,4592,4618,4622,4624,4628,4633,4555,4584,4585,4615,4557,4558,4561,4562,4564,4565,4566,4567,4570,4572,4574,4576,4580,4581,4583,4586,4587,4589,4594,4596,4597,4599,4600,4601,4602,4603,4605,4606,4607,4608,4609,4612,4614,4617,4619,4620,4621,4623,4625,4630,4636,4595,4629,4635}",{mortgage},{secondary},"{flat,apartments}",{noProgram},,,,true,2023-11-15 20:14:31.304000,2023-11-15 20:14:31.304000,1186
1172,2,зарплатный банк = текущий банк,-0.20,"{1,2,4588,4593,4560,4598,4554,4575,4579,4582,4591,4592,4618,4622,4624,4628,4633,4555,4584,4585,4615,4557,4558,4561,4562,4564,4565,4566,4567,4570,4572,4574,4576,4580,4581,4583,4586,4587,4589,4594,4596,4597,4599,4600,4601,4602,4603,4605,4606,4607,4608,4609,4612,4614,4617,4619,4620,4621,4623,4625,4630,4636,4595,4629,4635}",{mortgage},{secondary},{house},{noProgram},,,,true,2023-11-15 20:14:31.304000,2023-11-15 20:14:31.304000,1187
1293,5,зарплатный банк = текущий банк И не подтверждение дохода = без подтверждения,-0.20,"{1,2,4588,4593,4560,4598,4554,4575,4579,4582,4591,4592,4618,4622,4624,4628,4633,4555,4584,4585,4615,4557,4558,4561,4562,4564,4565,4566,4567,4570,4572,4574,4576,4580,4581,4583,4586,4587,4589,4594,4596,4597,4599,4600,4601,4602,4603,4605,4606,4607,4608,4609,4612,4614,4617,4619,4620,4621,4623,4625,4630,4636,4595,4629,4635}",{mortgage},{newBuilding},"{flat,apartments}",{noProgram},,,,true,2023-12-26 17:06:34.155000,2023-12-26 17:06:34.155000,1293
1294,5,зарплатный банк = текущий банк И не подтверждение дохода = без подтверждения,-0.20,"{1,2,4588,4593,4560,4598,4554,4575,4579,4582,4591,4592,4618,4622,4624,4628,4633,4555,4584,4585,4615,4557,4558,4561,4562,4564,4565,4566,4567,4570,4572,4574,4576,4580,4581,4583,4586,4587,4589,4594,4596,4597,4599,4600,4601,4602,4603,4605,4606,4607,4608,4609,4612,4614,4617,4619,4620,4621,4623,4625,4630,4636,4595,4629,4635}",{mortgage},{secondary},"{flat,apartments}",{noProgram},,,,true,2023-12-26 17:06:34.155000,2023-12-26 17:06:34.155000,1294
1295,5,зарплатный банк = текущий банк И не подтверждение дохода = без подтверждения,-0.20,"{1,2,4588,4593,4560,4598,4554,4575,4579,4582,4591,4592,4618,4622,4624,4628,4633,4555,4584,4585,4615,4557,4558,4561,4562,4564,4565,4566,4567,4570,4572,4574,4576,4580,4581,4583,4586,4587,4589,4594,4596,4597,4599,4600,4601,4602,4603,4605,4606,4607,4608,4609,4612,4614,4617,4619,4620,4621,4623,4625,4630,4636,4595,4629,4635}",{mortgage},{newBuilding},{carPlace},{noProgram},,,,true,2023-12-26 17:06:34.155000,2023-12-26 17:06:34.155000,1295
1296,5,зарплатный банк = текущий банк И не подтверждение дохода = без подтверждения,-0.20,"{1,2,4588,4593,4560,4598,4554,4575,4579,4582,4591,4592,4618,4622,4624,4628,4633,4555,4584,4585,4615,4557,4558,4561,4562,4564,4565,4566,4567,4570,4572,4574,4576,4580,4581,4583,4586,4587,4589,4594,4596,4597,4599,4600,4601,4602,4603,4605,4606,4607,4608,4609,4612,4614,4617,4619,4620,4621,4623,4625,4630,4636,4595,4629,4635}",{mortgage},{secondary},{carPlace},{noProgram},,,,true,2023-12-26 17:06:34.155000,2023-12-26 17:06:34.155000,1296
1297,5,зарплатный банк = текущий банк И не подтверждение дохода = без подтверждения,-0.20,"{1,2,4588,4593,4560,4598,4554,4575,4579,4582,4591,4592,4618,4622,4624,4628,4633,4555,4584,4585,4615,4557,4558,4561,4562,4564,4565,4566,4567,4570,4572,4574,4576,4580,4581,4583,4586,4587,4589,4594,4596,4597,4599,4600,4601,4602,4603,4605,4606,4607,4608,4609,4612,4614,4617,4619,4620,4621,4623,4625,4630,4636,4595,4629,4635}",{mortgage},{houseBuilding},{house},{noProgram},,,,true,2023-12-26 17:06:34.155000,2023-12-26 17:06:34.155000,1297
1298,5,зарплатный банк = текущий банк И не подтверждение дохода = без подтверждения,-0.20,"{1,2,4588,4593,4560,4598,4554,4575,4579,4582,4591,4592,4618,4622,4624,4628,4633,4555,4584,4585,4615,4557,4558,4561,4562,4564,4565,4566,4567,4570,4572,4574,4576,4580,4581,4583,4586,4587,4589,4594,4596,4597,4599,4600,4601,4602,4603,4605,4606,4607,4608,4609,4612,4614,4617,4619,4620,4621,4623,4625,4630,4636,4595,4629,4635}",{refinancing},"{newBuilding,secondary}","{flat,apartments}",{noProgram},,,,true,2023-12-26 17:06:34.155000,2023-12-26 17:06:34.155000,1298
1299,5,зарплатный банк = текущий банк И не подтверждение дохода = без подтверждения,-0.20,"{1,2,4588,4593,4560,4598,4554,4575,4579,4582,4591,4592,4618,4622,4624,4628,4633,4555,4584,4585,4615,4557,4558,4561,4562,4564,4565,4566,4567,4570,4572,4574,4576,4580,4581,4583,4586,4587,4589,4594,4596,4597,4599,4600,4601,4602,4603,4605,4606,4607,4608,4609,4612,4614,4617,4619,4620,4621,4623,4625,4630,4636,4595,4629,4635}",{mortgage},{secondary},{house},{noProgram},,,,true,2023-12-26 17:06:34.155000,2023-12-26 17:06:34.155000,1299
1302,1,страхование жизни = нет,1.00,"{1,2,4588,4593,4560,4598,4554,4575,4579,4582,4591,4592,4618,4622,4624,4628,4633,4555,4584,4585,4615,4557,4558,4561,4562,4564,4565,4566,4567,4570,4572,4574,4576,4580,4581,4583,4586,4587,4589,4594,4596,4597,4599,4600,4601,4602,4603,4605,4606,4607,4608,4609,4612,4614,4617,4619,4620,4621,4623,4625,4630,4636,4595,4629,4635}",{mortgage},{newBuilding},{flat},{governmentSupport2020},,,,true,2023-12-26 14:55:53.198000,2023-12-26 14:55:53.198000,1270
1303,1,страхование жизни = нет,0.70,"{1,2,4588,4593,4560,4598,4554,4575,4579,4582,4591,4592,4618,4622,4624,4628,4633,4555,4584,4585,4615,4557,4558,4561,4562,4564,4565,4566,4567,4570,4572,4574,4576,4580,4581,4583,4586,4587,4589,4594,4596,4597,4599,4600,4601,4602,4603,4605,4606,4607,4608,4609,4612,4614,4617,4619,4620,4621,4623,4625,4630,4636,4595,4629,4635}",{mortgage},"{newBuilding,secondary}","{flat,apartments}",{noProgram},,,,true,2023-12-26 14:55:53.198000,2023-12-26 14:55:53.198000,1271
1304,1,страхование жизни = нет,0.70,"{1,2,4588,4593,4560,4598,4554,4575,4579,4582,4591,4592,4618,4622,4624,4628,4633,4555,4584,4585,4615,4557,4558,4561,4562,4564,4565,4566,4567,4570,4572,4574,4576,4580,4581,4583,4586,4587,4589,4594,4596,4597,4599,4600,4601,4602,4603,4605,4606,4607,4608,4609,4612,4614,4617,4619,4620,4621,4623,4625,4630,4636,4595,4629,4635}",{refinancing},"{newBuilding,secondary}","{flat,apartments}",{noProgram},,,,true,2023-12-26 14:55:53.198000,2023-12-26 14:55:53.198000,1272
1305,1,страхование жизни = нет,0.70,"{1,2,4588,4593,4560,4598,4554,4575,4579,4582,4591,4592,4618,4622,4624,4628,4633,4555,4584,4585,4615,4557,4558,4561,4562,4564,4565,4566,4567,4570,4572,4574,4576,4580,4581,4583,4586,4587,4589,4594,4596,4597,4599,4600,4601,4602,4603,4605,4606,4607,4608,4609,4612,4614,4617,4619,4620,4621,4623,4625,4630,4636,4595,4629,4635}",{mortgage},{secondary},{house},{noProgram},,,,true,2023-12-26 14:55:53.198000,2023-12-26 14:55:53.198000,1273
1306,1,страхование жизни = нет,0.70,"{1,2,4588,4593,4560,4598,4554,4575,4579,4582,4591,4592,4618,4622,4624,4628,4633,4555,4584,4585,4615,4557,4558,4561,4562,4564,4565,4566,4567,4570,4572,4574,4576,4580,4581,4583,4586,4587,4589,4594,4596,4597,4599,4600,4601,4602,4603,4605,4606,4607,4608,4609,4612,4614,4617,4619,4620,4621,4623,4625,4630,4636,4595,4629,4635}",{refinancing},{secondary},{house},{noProgram},,,,true,2023-12-26 14:55:53.198000,2023-12-26 14:55:53.198000,1274
1307,1,страхование жизни = нет,0.10,"{1,2,4588,4593,4560,4598,4554,4575,4579,4582,4591,4592,4618,4622,4624,4628,4633,4555,4584,4585,4615,4557,4558,4561,4562,4564,4565,4566,4567,4570,4572,4574,4576,4580,4581,4583,4586,4587,4589,4594,4596,4597,4599,4600,4601,4602,4603,4605,4606,4607,4608,4609,4612,4614,4617,4619,4620,4621,4623,4625,4630,4636,4595,4629,4635}",{mortgage},{houseBuilding},{house},{family},,,,true,2023-12-26 14:55:53.198000,2023-12-26 14:55:53.198000,1275
1308,1,страхование жизни = нет,1.10,"{1,2,4588,4593,4560,4598,4554,4575,4579,4582,4591,4592,4618,4622,4624,4628,4633,4555,4584,4585,4615,4557,4558,4561,4562,4564,4565,4566,4567,4570,4572,4574,4576,4580,4581,4583,4586,4587,4589,4594,4596,4597,4599,4600,4601,4602,4603,4605,4606,4607,4608,4609,4612,4614,4617,4619,4620,4621,4623,4625,4630,4636,4595,4629,4635}",{mortgage},{houseBuilding},{house},{governmentSupport2020},,,,true,2023-12-26 14:55:53.198000,2023-12-26 14:55:53.198000,1276
1333,7,страхование жизни = нет,1.00,"{1,2,4588,4593,4560,4598,4554,4575,4579,4582,4591,4592,4618,4622,4624,4628,4633,4555,4584,4585,4615,4557,4558,4561,4562,4564,4565,4566,4567,4570,4572,4574,4576,4580,4581,4583,4586,4587,4589,4594,4596,4597,4599,4600,4601,4602,4603,4605,4606,4607,4608,4609,4612,4614,4617,4619,4620,4621,4623,4625,4630,4636,4595,4629,4635}",{mortgage},{newBuilding},{flat},{noProgram},,,,true,2024-01-30 19:30:53.918000,2024-01-30 19:30:53.918000,1333
1334,7,страхование жизни = нет,1.00,"{1,2,4588,4593,4560,4598,4554,4575,4579,4582,4591,4592,4618,4622,4624,4628,4633,4555,4584,4585,4615,4557,4558,4561,4562,4564,4565,4566,4567,4570,4572,4574,4576,4580,4581,4583,4586,4587,4589,4594,4596,4597,4599,4600,4601,4602,4603,4605,4606,4607,4608,4609,4612,4614,4617,4619,4620,4621,4623,4625,4630,4636,4595,4629,4635}",{mortgage},{secondary},{flat},{noProgram},,,,true,2024-01-30 19:30:53.918000,2024-01-30 19:30:53.918000,1334
1335,7,страхование жизни = нет,1.00,"{1,2,4588,4593,4560,4598,4554,4575,4579,4582,4591,4592,4618,4622,4624,4628,4633,4555,4584,4585,4615,4557,4558,4561,4562,4564,4565,4566,4567,4570,4572,4574,4576,4580,4581,4583,4586,4587,4589,4594,4596,4597,4599,4600,4601,4602,4603,4605,4606,4607,4608,4609,4612,4614,4617,4619,4620,4621,4623,4625,4630,4636,4595,4629,4635}",{mortgage},{secondary},{house},{noProgram},,,,true,2024-01-30 19:30:53.918000,2024-01-30 19:30:53.918000,1335
1336,7,страхование жизни = нет,1.00,"{1,2,4588,4593,4560,4598,4554,4575,4579,4582,4591,4592,4618,4622,4624,4628,4633,4555,4584,4585,4615,4557,4558,4561,4562,4564,4565,4566,4567,4570,4572,4574,4576,4580,4581,4583,4586,4587,4589,4594,4596,4597,4599,4600,4601,4602,4603,4605,4606,4607,4608,4609,4612,4614,4617,4619,4620,4621,4623,4625,4630,4636,4595,4629,4635}",{refinancing},{secondary},{house},{noProgram},,,,true,2024-01-30 19:30:53.918000,2024-01-30 19:30:53.918000,1336
1337,7,страхование жизни = нет,1.00,"{1,2,4588,4593,4560,4598,4554,4575,4579,4582,4591,4592,4618,4622,4624,4628,4633,4555,4584,4585,4615,4557,4558,4561,4562,4564,4565,4566,4567,4570,4572,4574,4576,4580,4581,4583,4586,4587,4589,4594,4596,4597,4599,4600,4601,4602,4603,4605,4606,4607,4608,4609,4612,4614,4617,4619,4620,4621,4623,4625,4630,4636,4595,4629,4635}",{refinancing},{newBuilding},{flat},{noProgram},,,,true,2024-01-30 19:30:53.918000,2024-01-30 19:30:53.918000,1337
1338,7,страхование жизни = нет,1.00,"{1,2,4588,4593,4560,4598,4554,4575,4579,4582,4591,4592,4618,4622,4624,4628,4633,4555,4584,4585,4615,4557,4558,4561,4562,4564,4565,4566,4567,4570,4572,4574,4576,4580,4581,4583,4586,4587,4589,4594,4596,4597,4599,4600,4601,4602,4603,4605,4606,4607,4608,4609,4612,4614,4617,4619,4620,4621,4623,4625,4630,4636,4595,4629,4635}",{refinancing},{secondary},{flat},{noProgram},,,,true,2024-01-30 19:30:53.918000,2024-01-30 19:30:53.918000,1338
1345,1,страхование жизни = нет,0.10,"{1,2,4588,4593,4560,4598,4554,4575,4579,4582,4591,4592,4618,4622,4624,4628,4633,4555,4584,4585,4615,4557,4558,4561,4562,4564,4565,4566,4567,4570,4572,4574,4576,4580,4581,4583,4586,4587,4589,4594,4596,4597,4599,4600,4601,4602,4603,4605,4606,4607,4608,4609,4612,4614,4617,4619,4620,4621,4623,4625,4630,4636,4595,4629,4635}",{mortgage},{houseBuilding},{house},{it},,,,true,2024-01-30 17:00:00.000000,2024-01-30 17:00:00.000000,1345
